year,iso3c,country,population_total,population_growth_annual_percent,population_female_percent_of_total_population,gdp_current_us,gdp_per_capita_current_us,gdp_per_capita_growth_annual_percent,exports_of_goods_and_services_percent_of_gdp,exports_of_goods_and_services_current_us,imports_of_goods_and_services_percent_of_gdp,imports_of_goods_and_services_current_us,external_balance_on_goods_and_services_current_us,external_balance_on_goods_and_services_percent_of_gdp,life_expectancy_at_birth_total_years,fertility_rate_total_births_per_woman,birth_rate_crude_per_1_000_people,death_rate_crude_per_1_000_people,mortality_rate_infant_per_1_000_live_births,mortality_rate_neonatal_per_1_000_live_births,current_health_expenditure_percent_of_gdp,current_health_expenditure_per_capita_current_us,gini_index_world_bank_estimate,income_share_held_by_highest_10_percent,income_share_held_by_lowest_10_percent,poverty_headcount_ratio_at_1_90_a_day_2011_ppp_percent_of_population,access_to_electricity_percent_of_population,energy_imports_net_percent_of_energy_use,electricity_production_from_nuclear_sources_percent_of_total,electricity_production_from_oil_gas_and_coal_sources_percent_of_total,electricity_production_from_renewable_sources_excluding_hydroelectric_k_wh,electric_power_consumption_k_wh_per_capita,fossil_fuel_energy_consumption_percent_of_total,net_migration,international_migrant_stock_total,refugee_population_by_country_or_territory_of_asylum,refugee_population_by_country_or_territory_of_origin,government_expenditure_on_education_total_percent_of_gdp,government_expenditure_on_education_total_percent_of_government_expenditure,iso2c,region,capital,longitude,latitude,income,lending
2019,AFG,Afghanistan,38041754,2.31181721714573,48.6623948520569,19101353832.7371,502.115486913067,0.549627730870014,7.75379772002272,1481080337.97624,37.8673794000531,7233182126.38915,-5752101788.41291,-30.1135816800304,NA,NA,NA,NA,46.5,35.9,NA,NA,NA,NA,NA,NA,NA,NA,NA,NA,NA,NA,NA,NA,NA,72227,2728853,NA,NA,AF,South Asia,Kabul,69.1761,34.5228,Low income,IDA
2019,ALB,Albania,2854191,-0.426007367032238,49.0861056894117,15278077446.8643,5352.85741103671,2.65043141253594,31.5112229361002,4814309044.63144,45.2170766190777,6908299985.07066,-2093990940.43921,-13.7058536829776,NA,NA,NA,NA,8.6,7.5,NA,NA,NA,NA,NA,NA,NA,NA,NA,NA,NA,NA,NA,NA,NA,120,15027,NA,NA,AL,Europe & Central Asia,Tirane,19.8172,41.3317,Upper middle income,IBRD
2019,DZA,Algeria,43053054,1.93395019121501,49.4817115645269,169988236398.126,3948.34327892571,-1.13069230350069,22.5701512694509,38366602095.3287,29.4746233050576,50103392341.2584,-11736790245.9297,-6.90447203560673,NA,NA,NA,NA,20,16.3,NA,NA,NA,NA,NA,NA,NA,NA,NA,NA,NA,NA,NA,NA,NA,98599,4514,NA,NA,DZ,Middle East & North Africa,Algiers,3.05097,36.7397,Upper middle income,IBRD
2019,ASM,American Samoa,55312,-0.276230801135428,NA,NA,NA,NA,NA,NA,NA,NA,NA,NA,NA,NA,NA,NA,NA,NA,NA,NA,NA,NA,NA,NA,NA,NA,NA,NA,NA,NA,NA,NA,NA,NA,NA,NA,NA,AS,East Asia & Pacific,Pago Pago,-170.691,-14.2846,Upper middle income,Not classified
2019,AND,Andorra,77142,0.176453843432831,NA,3154057987.23833,40886.3911648431,1.66967982731359,NA,NA,NA,NA,NA,NA,NA,NA,NA,NA,2.8,1.4,NA,NA,NA,NA,NA,NA,NA,NA,NA,NA,NA,NA,NA,NA,NA,NA,NA,NA,NA,AD,Europe & Central Asia,Andorra la Vella,1.5218,42.5075,High income,Not classified
2019,AGO,Angola,31825295,3.2429826028718,50.5274750128821,94635415869.9851,2973.59115979868,-4.03261354245136,NA,NA,NA,NA,NA,NA,NA,NA,NA,NA,50.2,27.6,NA,NA,NA,NA,NA,NA,NA,NA,NA,NA,NA,NA,NA,NA,NA,25793,8178,NA,NA,AO,Sub-Saharan Africa,Luanda,13.242,-8.81155,Lower middle income,IBRD
2019,ATG,Antigua and Barbuda,97118,0.860380480678118,51.7571950780003,1727759259.25926,17790.309306815,3.75387292821029,NA,NA,NA,NA,NA,NA,NA,NA,NA,NA,5.8,3.6,NA,NA,NA,NA,NA,NA,NA,NA,NA,NA,NA,NA,NA,NA,NA,NA,117,NA,NA,AG,Latin America & Caribbean,Saint John's,-61.8456,17.1175,High income,IBRD
2019,ARB,Arab World,427870270,1.9246927332871,48.1734219848371,2815410447182.25,6580.05625672999,-0.437826240851166,47.4008529350399,1253333527689.52,40.3727862033147,1118885628576.09,NA,7.02806673172517,NA,NA,NA,NA,26.1365692486064,16.7493398880004,NA,NA,NA,NA,NA,NA,NA,NA,NA,NA,NA,NA,NA,NA,NA,9349349,8841562,NA,NA,1A,Aggregates,,,,Aggregates,Aggregates
2019,ARG,Argentina,44938712,0.993397493293046,51.2258022015077,449663446954.073,10006.1489736082,-3.13005137908782,17.2902179929723,77747790213.0726,15.1034479703979,67914684752.606,9833105460.46659,2.18677002257444,NA,NA,NA,NA,8.2,6.1,NA,NA,NA,NA,NA,NA,NA,NA,NA,NA,NA,NA,NA,NA,NA,3857,99,NA,NA,AR,Latin America & Caribbean,Buenos Aires,-58.4173,-34.6118,Upper middle income,IBRD
2019,ARM,Armenia,2957731,0.201539722879792,52.9615637408173,13672802157.8324,4622.73349328671,7.3833616376878,38.5223372677747,5267082961.19577,52.9099482986136,7234272552.68084,-1967189591.48506,-14.3876110308388,NA,NA,NA,NA,10.5,6.4,NA,NA,NA,NA,NA,NA,NA,NA,NA,NA,NA,NA,NA,NA,NA,17980,10962,NA,NA,AM,Europe & Central Asia,Yerevan,44.509,40.1596,Upper middle income,IBRD
2019,ABW,Aruba,106314,0.442121959444383,52.5510300065845,NA,NA,NA,NA,NA,NA,NA,NA,NA,NA,NA,NA,NA,NA,NA,NA,NA,NA,NA,NA,NA,NA,NA,NA,NA,NA,NA,NA,NA,NA,NA,NA,NA,NA,AW,Latin America & Caribbean,Oranjestad,-70.0167,12.5167,High income,Not classified
2019,AUS,Australia,25364307,1.5159844540476901,50.1995341861351,1392680589329.14,54907.1019101424,0.363735766720836,24.131054833339,336068516664.283,21.5551604676553,300194535831.784,35873980832.4989,2.57589436568364,NA,NA,NA,NA,3.1,2.3,NA,NA,NA,NA,NA,NA,NA,NA,NA,NA,NA,NA,NA,NA,NA,76768,20,NA,NA,AU,East Asia & Pacific,Canberra,149.129,-35.282,High income,Not classified
2019,AUT,Austria,8877067,0.412539808816785,50.7612861843766,446314739528.47,50277.2750874213,1.19462890257502,55.7216125639469,248693769975.843,52.0030908816733,232097459615.294,16596310360.549,3.71852168227358,NA,NA,NA,NA,2.8,2.1,NA,NA,NA,NA,NA,NA,NA,NA,NA,NA,NA,NA,NA,NA,NA,135951,18,NA,NA,AT,Europe & Central Asia,Vienna,16.3798,48.2201,High income,Not classified
2019,AZE,Azerbaijan,10023318,0.837019639355119,50.0798738499753,48047647058.8235,4793.58701966989,1.36668440801164,49.1796133739793,23629647058.8235,36.8642646392674,17712411764.7059,5917235294.11765,12.3153487347119,NA,NA,NA,NA,18.2,10.9,NA,NA,NA,NA,NA,NA,NA,NA,NA,NA,NA,NA,NA,NA,NA,1109,11626,NA,NA,AZ,Europe & Central Asia,Baku,49.8932,40.3834,Upper middle income,IBRD
2019,BHS,"Bahamas, The",389482,0.991335935305563,51.4154552410099,12827000000,32933.4860147581,0.795068675408061,NA,NA,NA,NA,NA,NA,NA,NA,NA,NA,10.9,6.7,NA,NA,NA,NA,NA,NA,NA,NA,NA,NA,NA,NA,NA,NA,NA,10,501,NA,NA,BS,Latin America & Caribbean,Nassau,-77.339,25.0661,High income,Not classified
2019,BHR,Bahrain,1641172,4.46923900893373,35.7287266842314,38574069148.9362,23503.977126673,-2.63080130442501,NA,NA,NA,NA,NA,NA,NA,NA,NA,NA,5.9,2.9,NA,NA,NA,NA,NA,NA,NA,NA,NA,NA,NA,NA,NA,NA,NA,251,557,NA,NA,BH,Middle East & North Africa,Manama,50.5354,26.1921,High income,Not classified
2019,BGD,Bangladesh,163046161,1.0420011284052,49.4169108771415,302571254131.135,1855.73982408046,7.031583836105,15.3232474432667,46363741962.7091,21.4360523057267,64859332297.6434,-18495590334.9343,-6.11280486246002,NA,NA,NA,NA,25.6,19.1,NA,NA,NA,NA,NA,NA,NA,NA,NA,NA,NA,NA,NA,NA,NA,854779,22880,NA,NA,BD,South Asia,Dhaka,90.4113,23.7055,Lower middle income,IDA
2019,BRB,Barbados,287025,0.133875829263984,51.6366398277478,5209000000,18148.2449264001,-0.229793192309359,42.0081205605682,2188203000,41.6835505855251,2171296150,16906849.9999995,0.324569975043185,NA,NA,NA,NA,11.7,8.4,NA,NA,NA,NA,NA,NA,NA,NA,NA,NA,NA,NA,NA,NA,NA,NA,243,NA,NA,BB,Latin America & Caribbean,Bridgetown,-59.6105,13.0935,High income,Not classified
2019,BLR,Belarus,9466856,-0.175648469687962,53.4519401350492,63080457022.6599,6663.29529282582,1.40004793095767,66.4313532906359,41905201262.0709,66.9146361888479,42210058322.9754,-304857060.904477,-0.483282898211986,NA,NA,NA,NA,2.4,1.2,NA,NA,NA,NA,NA,NA,NA,NA,NA,NA,NA,NA,NA,NA,NA,2725,3425,NA,NA,BY,Europe & Central Asia,Minsk,27.5766,53.9678,Upper middle income,IBRD
2019,BEL,Belgium,11484055,0.497584971619203,50.5042235569044,529606710418.038,46116.69923368,0.901135132162906,81.729122308016,432842916109.019,81.5640991441075,431968942359.215,873973749.80392,0.165023163908565,NA,NA,NA,NA,2.7,2,NA,NA,NA,NA,NA,NA,NA,NA,NA,NA,NA,NA,NA,NA,NA,61662,34,NA,NA,BE,Europe & Central Asia,Brussels,4.36761,50.8371,High income,Not classified
2019,BLZ,Belize,390353,1.88311073570597,50.2291527368958,1879613600,4815.1637107951,-1.60391056226575,57.7022506115087,1084579350,58.0078213947803,1090322900,-5743549.99999976,-0.305570783271613,NA,NA,NA,NA,10.6,8.1,NA,NA,NA,NA,NA,NA,NA,NA,NA,NA,NA,NA,NA,NA,NA,29,73,NA,NA,BZ,Latin America & Caribbean,Belmopan,-88.7713,17.2534,Upper middle income,IBRD
2019,BEN,Benin,11801151,2.71510535908362,50.0789711105298,14390709094.9386,1219.43267185875,4.00320685655214,29.6305271930806,4264042971.65289,34.0508051209549,4900152309.44107,-636109337.788172,-4.42027792787433,NA,NA,NA,NA,59,30.6,NA,NA,NA,NA,NA,NA,NA,NA,NA,NA,NA,NA,NA,NA,NA,1238,716,NA,NA,BJ,Sub-Saharan Africa,Porto-Novo,2.6323,6.4779,Low income,IDA
2019,BMU,Bermuda,63918,-0.00312891113892766,NA,NA,NA,NA,NA,NA,NA,NA,NA,NA,NA,NA,NA,NA,NA,NA,NA,NA,NA,NA,NA,NA,NA,NA,NA,NA,NA,NA,NA,NA,NA,NA,NA,NA,NA,BM,North America,Hamilton,-64.706,32.3293,High income,Not classified
2019,BTN,Bhutan,763092,1.14638227394932,46.9223975027978,NA,NA,NA,NA,NA,NA,NA,NA,NA,NA,NA,NA,NA,23.8,16.6,NA,NA,NA,NA,NA,NA,NA,NA,NA,NA,NA,NA,NA,NA,NA,NA,6980,NA,NA,BT,South Asia,Thimphu,89.6177,27.5768,Lower middle income,IDA
2019,BOL,Bolivia,11513100,1.39909836758217,49.7997064561749,40895322865.4124,3552.0687621416,0.796552665656364,24.9672623459561,10210442547.0333,31.4300442914364,12853418089.725,-2642975542.69175,-6.4627819454803,NA,NA,NA,NA,21.2,14.6,NA,NA,NA,NA,NA,NA,NA,NA,NA,NA,NA,NA,NA,NA,NA,863,514,NA,NA,BO,Latin America & Caribbean,La Paz,-66.1936,-13.9908,Lower middle income,IBRD
2019,BIH,Bosnia and Herzegovina,3301000,-0.692206408656095,51.0209033752823,20047848434.5487,6073.26520283208,3.29517469297669,40.1525986881137,8049732127.52561,55.7280195888744,11172268902.7531,-3122536775.22752,-15.5754209007607,NA,NA,NA,NA,5.1,4.2,NA,NA,NA,NA,NA,NA,NA,NA,NA,NA,NA,NA,NA,NA,NA,5241,16556,NA,NA,BA,Europe & Central Asia,Sarajevo,18.4214,43.8607,Upper middle income,IBRD
2019,BWA,Botswana,2303697,2.1752909092404,51.6380366739983,18340510789.4272,7961.33814014048,0.750508476434078,33.5876396002001,6160144664.78863,40.5230023820302,7432125624.07609,-1271980959.28746,-6.93536278183007,NA,NA,NA,NA,32.3,17.9,NA,NA,NA,NA,NA,NA,NA,NA,NA,NA,NA,NA,NA,NA,NA,1113,228,NA,NA,BW,Sub-Saharan Africa,Gaborone,25.9201,-24.6544,Upper middle income,IBRD
2019,BRA,Brazil,211049527,0.75154842651724,50.8489000631174,1839758040765.62,8717.18627810819,0.379344236418362,14.3224188515098,263497852452.782,14.6542047944056,269601911015.338,-6104058562.55543,-0.331785942895795,NA,NA,NA,NA,12.4,7.9,NA,NA,NA,NA,NA,NA,NA,NA,NA,NA,NA,NA,NA,NA,NA,32844,1399,NA,NA,BR,Latin America & Caribbean,Brasilia,-47.9292,-15.7801,Upper middle income,IBRD
2019,VGB,British Virgin Islands,30030,0.762137664197041,NA,NA,NA,NA,NA,NA,NA,NA,NA,NA,NA,NA,NA,NA,NA,NA,NA,NA,NA,NA,NA,NA,NA,NA,NA,NA,NA,NA,NA,NA,NA,NA,NA,NA,NA,VG,Latin America & Caribbean,Road Town,-64.623056,18.431389,High income,Not classified
2019,BRN,Brunei Darussalam,433285,1.00273731829347,48.076603522765,13469422941.3919,31086.7510792939,2.83277999299858,57.946040455729,7804997266.77217,50.5636178965346,6810627548.95356,994369717.818619,7.3824225591944,NA,NA,NA,NA,9.6,6,NA,NA,NA,NA,NA,NA,NA,NA,NA,NA,NA,NA,NA,NA,NA,NA,NA,NA,NA,BN,East Asia & Pacific,Bandar Seri Begawan,114.946,4.94199,High income,Not classified
2019,BGR,Bulgaria,6975761,-0.703905641117455,51.4286118360593,67927179736.6915,9737.60135083347,4.10182114297564,63.5739291267527,43183977103.6062,60.149175878883,40857638809.3875,2326338294.21866,3.42475324786975,NA,NA,NA,NA,5.6,3.3,NA,NA,NA,NA,NA,NA,NA,NA,NA,NA,NA,NA,NA,NA,NA,20438,561,NA,NA,BG,Europe & Central Asia,Sofia,23.3238,42.7105,Upper middle income,IBRD
2019,BFA,Burkina Faso,20321378,2.84422255256232,50.0635660476455,15745810234.6602,774.8396902346,2.72492652666693,27.7303225154249,4366363960.73806,32.4518206977286,5109802104.75653,-743438144.01846,-4.72149818230363,NA,NA,NA,NA,53.9,25.9,NA,NA,NA,NA,NA,NA,NA,NA,NA,NA,NA,NA,NA,NA,NA,25869,11733,NA,NA,BF,Sub-Saharan Africa,Ouagadougou,-1.53395,12.3605,Low income,IDA
2019,BDI,Burundi,11530580,3.12896711408085,50.4015453866706,3012334881.64057,261.247472515742,-1.29480274901135,9.13119156890157,275062068.739445,32.7261686707375,985821794.293151,-710759725.553707,-23.5949771018359,NA,NA,NA,NA,39.9,21,NA,NA,NA,NA,NA,NA,NA,NA,NA,NA,NA,NA,NA,NA,NA,78465,381508,NA,NA,BI,Sub-Saharan Africa,Bujumbura,29.3639,-3.3784,Low income,IDA
2019,CPV,Cabo Verde,549935,1.12792431423236,49.8057955834861,1981845740.70615,3603.7817936777,4.4825965834205,50.8644261691422,1008054463.56777,65.3501023993609,1295138220.94884,-287083757.38107,-14.4856762302186,NA,NA,NA,NA,12.8,9,NA,NA,NA,NA,NA,NA,NA,NA,NA,NA,NA,NA,NA,NA,NA,NA,10,NA,NA,CV,Sub-Saharan Africa,Praia,-23.5087,14.9218,Lower middle income,Blend
2019,KHM,Cambodia,16486542,1.44639338013252,51.1882843594491,27089389786.9684,1643.12138876475,5.51682776902609,61.0912965228103,16549259440.9768,62.4652272455591,16921448889.8651,-372189448.88836,-1.37393072274889,NA,NA,NA,NA,22.8,14.5,NA,NA,NA,NA,NA,NA,NA,NA,NA,NA,NA,NA,NA,NA,NA,NA,11986,NA,NA,KH,East Asia & Pacific,Phnom Penh,104.874,11.5556,Lower middle income,IDA
2019,CMR,Cameroon,25876380,2.58424710709784,49.9932969776654,38760467033.389,1497.90917560296,1.36358995415048,16.5572282461472,6417658995.99086,23.9966836023874,9301226636.81003,-2883567640.81917,-7.43945535624018,NA,NA,NA,NA,50.2,26.1,NA,NA,NA,NA,NA,NA,NA,NA,NA,NA,NA,NA,NA,NA,NA,406259,66305,NA,NA,CM,Sub-Saharan Africa,Yaounde,11.5174,3.8721,Lower middle income,Blend
2019,CAN,Canada,37589262,1.42405130729193,50.3795163341899,1736425629519.96,46194.7252255167,0.218665447817074,31.6444707575662,549482700560.327,33.3322337380712,578789449519.366,-29306748959.0395,-1.68776298050504,NA,NA,NA,NA,4.2,3.3,NA,NA,NA,NA,NA,NA,NA,NA,NA,NA,NA,NA,NA,NA,NA,101757,71,NA,NA,CA,North America,Ottawa,-75.6919,45.4215,High income,Not classified
2019,CSS,Caribbean small states,7401381,0.576385402023249,50.3906494300032,76290373254.4854,10307.5862807881,0.297147185026219,NA,NA,NA,NA,NA,NA,NA,NA,NA,NA,14.5658358273141,11.0648695377432,NA,NA,NA,NA,NA,NA,NA,NA,NA,NA,NA,NA,NA,NA,NA,2410,6080,NA,NA,S3,Aggregates,,,,Aggregates,Aggregates
2019,CYM,Cayman Islands,64948,1.19888054809676,NA,NA,NA,NA,NA,NA,NA,NA,NA,NA,NA,NA,NA,NA,NA,NA,NA,NA,NA,NA,NA,NA,NA,NA,NA,NA,NA,NA,NA,NA,NA,34,6,NA,NA,KY,Latin America & Caribbean,George Town,-81.3857,19.3022,High income,Not classified
2019,CAF,Central African Republic,4745185,1.67474521186478,50.4344725457143,2220307368.69593,467.907440636335,1.26014601439419,18.6553280206533,414205622.696962,47.4798024232916,1054197551.84661,-639991929.149649,-28.8244744026383,NA,NA,NA,NA,81,39.7,NA,NA,NA,NA,NA,NA,NA,NA,NA,NA,NA,NA,NA,NA,NA,7170,610203,NA,NA,CF,Sub-Saharan Africa,Bangui,21.6407,5.63056,Low income,IDA
2019,CEB,Central Europe and the Baltics,102378579,-0.154526619486703,51.5970086140606,1656928913107.65,16184.332008629,3.85065047346143,64.197551926127,1054448185361.13,60.7577162259501,999712760084.256,NA,3.43983570017687,NA,NA,NA,NA,4.01004905721323,2.61377326684701,NA,NA,NA,NA,NA,NA,NA,NA,NA,NA,NA,NA,NA,NA,NA,50200,33676,NA,NA,B8,Aggregates,,,,Aggregates,Aggregates
2019,TCD,Chad,15946876,2.98593746093303,50.0810127020442,11314951342.7807,709.540310138533,0.209857602815177,36.7422534363826,4157368098.56787,37.8282721194732,4280250584.13308,-122882485.565213,-1.08601868309063,NA,NA,NA,NA,69.1,33.3,NA,NA,NA,NA,NA,NA,NA,NA,NA,NA,NA,NA,NA,NA,NA,442670,11192,NA,NA,TD,Sub-Saharan Africa,N'Djamena,15.0445,12.1048,Low income,IDA
2019,CHI,Channel Islands,172259,1.02697265622261,50.5096828124274,NA,NA,NA,NA,NA,NA,NA,NA,NA,NA,NA,NA,NA,NA,NA,NA,NA,NA,NA,NA,NA,NA,NA,NA,NA,NA,NA,NA,NA,NA,NA,NA,NA,NA,JG,Europe & Central Asia,,,,High income,Not classified
2019,CHL,Chile,18952038,1.18298043072933,50.7083329046195,282318159744.65,14896.4538665789,-0.133968534486016,28.1998845763045,79613395185.9381,28.5619042468245,80635442457.6638,-1022047271.72568,-0.36201967051999,NA,NA,NA,NA,6,4.6,NA,NA,NA,NA,NA,NA,NA,NA,NA,NA,NA,NA,NA,NA,NA,2046,486,NA,NA,CL,Latin America & Caribbean,Santiago,-70.6475,-33.475,High income,IBRD
2019,CHN,China,1397715000,0.357291063115687,48.6934979729146,14342902842915.9,10261.6791283744,5.73012069082172,18.4151938718462,2641273365373.5,17.2648936178818,2476286917545.57,164986447827.934,1.15030025396444,NA,NA,NA,NA,6.8,3.9,NA,NA,NA,NA,NA,NA,NA,NA,NA,NA,NA,NA,NA,NA,NA,303379,212863,NA,NA,CN,East Asia & Pacific,Beijing,116.286,40.0495,Upper middle income,IBRD
2019,COL,Colombia,50339443,1.38170201436676,50.9069001816329,323802808108.246,6432.38758339551,1.90442504982143,15.8940698268321,51465444421.9678,22.2006881407132,71886451618.9838,-20421007197.016,-6.30661831388113,NA,NA,NA,NA,11.8,7.5,NA,NA,NA,NA,NA,NA,NA,NA,NA,NA,NA,NA,NA,NA,NA,634,189448,NA,NA,CO,Latin America & Caribbean,Bogota,-74.082,4.60987,Upper middle income,IBRD
2019,COM,Comoros,850886,2.20587743735692,49.557581405844,1185728676.65112,1393.52237156461,0.474294075066922,NA,NA,NA,NA,NA,NA,NA,NA,NA,NA,48.3,29.8,NA,NA,NA,NA,NA,NA,NA,NA,NA,NA,NA,NA,NA,NA,NA,NA,658,NA,NA,KM,Sub-Saharan Africa,Moroni,43.2418,-11.6986,Lower middle income,IDA
2019,COD,"Congo, Dem. Rep.",86790567,3.18708630238904,50.0877756670518,47319624204.0938,545.216212311342,1.11015950573636,32.0654944141493,15173271455.9601,35.2217837189832,16666815693.8015,-1493544237.84142,-3.15628930483392,NA,NA,NA,NA,66.1,27.4,NA,NA,NA,NA,NA,NA,NA,NA,NA,NA,NA,NA,NA,NA,NA,523733,807374,NA,NA,CD,Sub-Saharan Africa,Kinshasa,15.3222,-4.325,Low income,IDA
2019,COG,"Congo, Rep.",5380508,2.5629008034182,50.0537867827995,10820591130.7349,2011.07239887663,-3.40756424681143,77.4477336426659,8380302597.49348,34.8031290451671,3765904294.67957,4614398302.81391,42.6446045974988,NA,NA,NA,NA,34.9,19.3,NA,NA,NA,NA,NA,NA,NA,NA,NA,NA,NA,NA,NA,NA,NA,25668,13481,NA,NA,CG,Sub-Saharan Africa,Brazzaville,15.2662,-4.2767,Lower middle income,Blend
2019,CRI,Costa Rica,5047561,0.957905013850413,50.0245960375714,61773944173.6736,12238.3749643984,1.11066212228677,33.7530410445077,20850584731.7513,32.3459747904124,19981384409.4599,869200322.291402,1.40706625409525,NA,NA,NA,NA,7.5,6.2,NA,NA,NA,NA,NA,NA,NA,NA,NA,NA,NA,NA,NA,NA,NA,6204,206,NA,NA,CR,Latin America & Caribbean,San Jose,-84.0089,9.63701,Upper middle income,IBRD
2019,CIV,Cote d'Ivoire,25716544,2.54933623927928,49.5492047651485,58792205642.1538,2286.162776855,4.16273838911492,23.5113384268587,13822834437.1415,22.0857409934102,12984694262.4392,838140174.702301,1.42559743344849,NA,NA,NA,NA,58.6,33,NA,NA,NA,NA,NA,NA,NA,NA,NA,NA,NA,NA,NA,NA,NA,2020,39364,NA,NA,CI,Sub-Saharan Africa,Yamoussoukro,-4.0305,5.332,Lower middle income,IDA
2019,HRV,Croatia,4067500,-0.49888869647906,51.8191055901764,60415553038.8826,14853.2398374635,3.45088515630059,51.1452079719671,30899660249.1506,51.7045653358394,31237599093.9977,-337938844.847112,-0.559357363872213,NA,NA,NA,NA,4.1,2.9,NA,NA,NA,NA,NA,NA,NA,NA,NA,NA,NA,NA,NA,NA,NA,916,23793,NA,NA,HR,Europe & Central Asia,Zagreb,15.9614,45.8069,High income,IBRD
2019,CUB,Cuba,11333483,-0.041064554364363,50.3424719177263,NA,NA,NA,NA,NA,NA,NA,NA,NA,NA,NA,NA,NA,3.8,2.2,NA,NA,NA,NA,NA,NA,NA,NA,NA,NA,NA,NA,NA,NA,NA,233,6631,NA,NA,CU,Latin America & Caribbean,Havana,-82.3667,23.1333,Upper middle income,Not classified
2019,CUW,Curacao,157538,-1.42563343261042,54.0554267147219,NA,NA,NA,NA,NA,NA,NA,NA,NA,NA,NA,NA,NA,NA,NA,NA,NA,NA,NA,NA,NA,NA,NA,NA,NA,NA,NA,NA,NA,NA,42,35,NA,NA,CW,Latin America & Caribbean,Willemstad,,,High income,Not classified
2019,CYP,Cyprus,1198575,0.779788191505342,49.9991656752107,24564647934.6244,27858.3709958327,1.86023575304719,71.1250660784921,17471622075.4506,71.5178913213876,17568118213.3662,-96496137.9155939,-0.392825242895423,NA,NA,NA,NA,1.8,1.3,NA,NA,NA,NA,NA,NA,NA,NA,NA,NA,NA,NA,NA,NA,NA,12311,NA,NA,NA,CY,Europe & Central Asia,Nicosia,33.3736,35.1676,High income,Not classified
2019,CZE,Czech Republic,10669709,0.37353731667249,50.7856378201089,246489245494.882,23101.7777049854,2.18352386767779,75.4856964631734,186064123668.633,69.3907690914176,171040783176.531,15023340492.1017,6.09492737175574,NA,NA,NA,NA,2.5,1.6,NA,NA,NA,NA,NA,NA,NA,NA,NA,NA,NA,NA,NA,NA,NA,2054,1166,NA,NA,CZ,Europe & Central Asia,Prague,14.4205,50.0878,High income,Not classified
2019,DNK,Denmark,5818553,0.429153163832595,50.2818233999096,348078018463.905,59822.0929608968,1.92748148869582,55.8670829641875,194461035355.33,49.1345994439922,171026740124.825,23434295230.5047,6.73248352019527,NA,NA,NA,NA,3.2,3,NA,NA,NA,NA,NA,NA,NA,NA,NA,NA,NA,NA,NA,NA,NA,37533,5,NA,NA,DK,Europe & Central Asia,Copenhagen,12.5681,55.6763,High income,Not classified
2019,DJI,Djibouti,973560,1.51518050206022,47.414789272739,3318716359.44182,3408.84625440838,5.85422340795161,154.713277914989,5134494864.39343,143.553008907588,4764117191.0871,370377673.306325,11.1602690074008,NA,NA,NA,NA,48.4,30.5,NA,NA,NA,NA,NA,NA,NA,NA,NA,NA,NA,NA,NA,NA,NA,19639,2351,NA,NA,DJ,Middle East & North Africa,Djibouti,43.1425,11.5806,Lower middle income,IDA
2019,DMA,Dominica,71808,0.255171542527292,NA,596033333.333333,8300.37507427213,5.39440025125393,51.5657215293701,307348888.888889,88.2208800154105,525825851.851852,-218476962.962963,-36.6551584860404,NA,NA,NA,NA,30.9,28.1,NA,NA,NA,NA,NA,NA,NA,NA,NA,NA,NA,NA,NA,NA,NA,NA,50,NA,NA,DM,Latin America & Caribbean,Roseau,-61.39,15.2976,Upper middle income,Blend
2019,DOM,Dominican Republic,10738958,1.04646051306009,50.0305476593304,88941298257.7215,8282.1162218645,3.9932141584159,23.6728927817177,21054978175.2182,29.2875093019101,26048691000.4698,-4993712825.25163,-5.61461652019241,NA,NA,NA,NA,23.5,19.4,NA,NA,NA,NA,NA,NA,NA,NA,NA,NA,NA,NA,NA,NA,NA,164,546,NA,NA,DO,Latin America & Caribbean,Santo Domingo,-69.8908,18.479,Upper middle income,IBRD
2019,EAR,Early-demographic dividend,3290290622,1.29458356359449,49.0748635458587,11981574482646.9,3641.49428094104,1.50518850101528,26.563417795838,2992545078048.26,27.5066563725172,3228992613468.13,NA,-0.94323857667916,NA,NA,NA,NA,27.6653649698972,19.8235534073586,NA,NA,NA,NA,NA,NA,NA,NA,NA,NA,NA,NA,NA,NA,NA,14809945,8930539,NA,NA,V2,Aggregates,,,,Aggregates,Aggregates
2019,EAS,East Asia & Pacific,2340628292,0.536489917948018,49.3236073437207,26979805534122.7,11526.7364862403,3.20964686142608,NA,7560190790358.87,NA,7062424444044.5,NA,NA,NA,NA,NA,NA,11.9,7.2,NA,NA,NA,NA,NA,NA,NA,NA,NA,NA,NA,NA,NA,NA,NA,635753,1645142,NA,NA,Z4,Aggregates,,,,Aggregates,Aggregates
2019,EAP,East Asia & Pacific (excluding high income),2093675040,0.578195471892599,49.1597981858879,17214358920071.6,8222.07772991917,5.22257783702811,23.439034235428,3869052629031.05,22.3186624778335,3674019083871.37,NA,1.12037175759446,NA,NA,NA,NA,12.45269370574,7.57189476215195,NA,NA,NA,NA,NA,NA,NA,NA,NA,NA,NA,NA,NA,NA,NA,550719,1644825,NA,NA,4E,Aggregates,,,,Aggregates,Aggregates
2019,TEA,East Asia & Pacific (IDA & IBRD countries),2067984156,0.579735336153078,49.1358140169615,17181503825380.8,8308.33436297408,5.22092256770783,23.438985224295,3864436823081.69,22.3194653542327,3667383975790.85,NA,1.11951987006232,NA,NA,NA,NA,12.4445449968307,7.54762253049128,NA,NA,NA,NA,NA,NA,NA,NA,NA,NA,NA,NA,NA,NA,NA,551474,1644067,NA,NA,T4,Aggregates,,,,Aggregates,Aggregates
2019,ECU,Ecuador,17373662,1.6792131785026,49.9789422572346,107435665000,6183.82382482173,-1.61236867338619,23.3900399834636,25129245000,23.3498736197146,25086092000,43153000,0.0401663637489469,NA,NA,NA,NA,12,7.1,NA,NA,NA,NA,NA,NA,NA,NA,NA,NA,NA,NA,NA,NA,NA,104560,1652,NA,NA,EC,Latin America & Caribbean,Quito,-78.5243,-0.229498,Upper middle income,IBRD
2019,EGY,"Egypt, Arab Rep.",100388073,1.97628434808829,49.4734822888726,303175127597.521,3020.03134971543,3.49204260671748,NA,NA,NA,NA,NA,NA,NA,NA,NA,NA,17.3,11.1,NA,NA,NA,NA,NA,NA,NA,NA,NA,NA,NA,NA,NA,NA,NA,258391,27506,NA,NA,EG,Middle East & North Africa,Cairo,31.2461,30.0982,Lower middle income,IBRD
2019,SLV,El Salvador,6453553,0.509683301933842,53.1520945836013,27022640000,4187.2500311069,1.86186467319015,29.5416732043945,7982940000,47.6372034708674,12872830000,-4889890000,-18.0955302664729,NA,NA,NA,NA,11.4,6.6,NA,NA,NA,NA,NA,NA,NA,NA,NA,NA,NA,NA,NA,NA,NA,48,41850,NA,NA,SV,Latin America & Caribbean,San Salvador,-89.2073,13.7034,Lower middle income,IBRD
2019,GNQ,Equatorial Guinea,1355986,3.528524074108,44.4075953810596,11026774945.3415,8131.92388810912,-8.84997542903925,55.1338737916344,6079488181.65216,52.2474412398967,5761207760.22297,318280421.429194,2.88643255173769,NA,NA,NA,NA,60.4,29,NA,NA,NA,NA,NA,NA,NA,NA,NA,NA,NA,NA,NA,NA,NA,NA,156,NA,NA,GQ,Sub-Saharan Africa,Malabo,8.7741,3.7523,Upper middle income,IBRD
2019,ERI,Eritrea,3497117,1.27574733774295,49.8812593344746,NA,NA,NA,NA,NA,NA,NA,NA,NA,NA,NA,NA,NA,30.5,17.8,NA,NA,NA,NA,NA,NA,NA,NA,NA,NA,NA,NA,NA,NA,NA,199,505118,NA,NA,ER,Sub-Saharan Africa,Asmara,38.9183,15.3315,Low income,IDA
2019,EST,Estonia,1326590,0.348339661751493,52.7306247732243,31386949981.236,23659.8722900339,3.97168133790838,72.572960985586,22778438964.4478,68.5812042715851,21525548281.2517,1252890683.19608,3.99175671400085,NA,NA,NA,NA,1.9,1.1,NA,NA,NA,NA,NA,NA,NA,NA,NA,NA,NA,NA,NA,NA,NA,331,269,NA,NA,EE,Europe & Central Asia,Tallinn,24.7586,59.4392,High income,Not classified
2019,SWZ,Eswatini,1148130,1.04530919354082,50.9821597323655,4405405802.44294,3837.02699384472,0.95311155223294,NA,NA,NA,NA,NA,NA,NA,NA,NA,NA,38.6,18.4,NA,NA,NA,NA,NA,NA,NA,NA,NA,NA,NA,NA,NA,NA,NA,940,217,NA,NA,SZ,Sub-Saharan Africa,Mbabane,31.4659,-26.5225,Lower middle income,IBRD
2019,ETH,Ethiopia,112078730,2.57956334803926,49.9735502884504,96107662398.1749,857.501351042922,5.52389296613252,7.91614788539375,7608024684.63449,20.8258738242349,20015260506.4655,-12407235821.831,-12.9097259388411,NA,NA,NA,NA,36.5,27.6,NA,NA,NA,NA,NA,NA,NA,NA,NA,NA,NA,NA,NA,NA,NA,733123,95685,NA,NA,ET,Sub-Saharan Africa,Addis Ababa,38.7468,9.02274,Low income,IDA
2019,EMU,Euro area,342597698,0.220727543247932,51.0747411231916,13335843259019.7,38925.6651077079,1.05867767961783,45.8039007004293,6417738148242.12,42.3393038264883,5907934950447.23,NA,3.46459687394098,NA,NA,NA,NA,3.15618890718689,2.23832111068084,NA,NA,NA,NA,NA,NA,NA,NA,NA,NA,NA,NA,NA,NA,NA,2254353,2319,NA,NA,XC,Aggregates,,,,Aggregates,Aggregates
2019,ECS,Europe & Central Asia,921140092,0.350516855686351,51.5132751783949,22748788538189.8,24696.3396075804,1.15013565943944,43.7262372466394,10216431888502.1,40.4859551184385,9432223288918.42,NA,3.24028212820085,NA,NA,NA,NA,7,4.4,NA,NA,NA,NA,NA,NA,NA,NA,NA,NA,NA,NA,NA,NA,NA,6565787,352352,NA,NA,Z7,Aggregates,,,,Aggregates,Aggregates
2019,ECA,Europe & Central Asia (excluding high income),399404587,0.495547945499752,52.151546809472,3239459350297.98,8110.72144821906,1.18616388456223,32.8409048001852,1059861286057.12,28.9336283470665,933917452510.313,NA,3.90727645311872,NA,NA,NA,NA,10.160705283934,6.09516239990666,NA,NA,NA,NA,NA,NA,NA,NA,NA,NA,NA,NA,NA,NA,NA,3705616,318652,NA,NA,7E,Aggregates,,,,Aggregates,Aggregates
2019,TEC,Europe & Central Asia (IDA & IBRD countries),460799505,0.398557755302491,52.0647418078756,4142093595765.05,8988.9280496624,1.74960070201591,36.7622058840335,1521857866508.2,33.1363397677404,1374750296420.16,NA,3.6258661162931,NA,NA,NA,NA,9.63033819857694,5.80310602390124,NA,NA,NA,NA,NA,NA,NA,NA,NA,NA,NA,NA,NA,NA,NA,3723050,344758,NA,NA,T7,Aggregates,,,,Aggregates,Aggregates
2019,EUU,European Union,447512041,0.164369896792053,51.1246591156864,15592795166700.2,34843.297471632,1.35628669216644,47.1069673577428,7687067084752.25,43.5743702448619,7090646907127.15,NA,3.5325971128809,NA,NA,NA,NA,3.32008592572663,2.31745326965708,NA,NA,NA,NA,NA,NA,NA,NA,NA,NA,NA,NA,NA,NA,NA,2591349,34177,NA,NA,EU,Aggregates,,,,Aggregates,Aggregates
2019,FRO,Faroe Islands,48678,0.372524228078936,NA,NA,NA,NA,NA,NA,NA,NA,NA,NA,NA,NA,NA,NA,NA,NA,NA,NA,NA,NA,NA,NA,NA,NA,NA,NA,NA,NA,NA,NA,NA,NA,NA,NA,NA,FO,Europe & Central Asia,Torshavn,-6.91181,61.8926,High income,Not classified
2019,FJI,Fiji,889953,0.729660242086809,49.3278873650915,5535548972.41252,6220.04642089247,0.328525707320722,NA,NA,NA,NA,NA,NA,NA,NA,NA,NA,21.7,10.8,NA,NA,NA,NA,NA,NA,NA,NA,NA,NA,NA,NA,NA,NA,NA,12,591,NA,NA,FJ,East Asia & Pacific,Suva,178.399,-18.1149,Upper middle income,Blend
2019,FIN,Finland,5520314,0.0867899631484352,50.7026099575229,268761201364.705,48685.8539866945,0.891979688843918,39.9765909412774,107441566078.431,39.4900823898899,106134019850.98,1307546227.45098,0.486508551387466,NA,NA,NA,NA,1.9,1.4,NA,NA,NA,NA,NA,NA,NA,NA,NA,NA,NA,NA,NA,NA,NA,23458,NA,NA,NA,FI,Europe & Central Asia,Helsinki,24.9525,60.1608,High income,Not classified
2019,FCS,Fragile and conflict affected situations,798138587,2.26414858148378,49.9682991685134,1748172226307.84,2190.31162605328,-0.0459053287342925,NA,NA,NA,NA,NA,NA,NA,NA,NA,NA,55.9769112540051,28.9618693890659,NA,NA,NA,NA,NA,NA,NA,NA,NA,NA,NA,NA,NA,NA,NA,8157246,17832027,NA,NA,F1,Aggregates,,,,Aggregates,Aggregates
2019,FRA,France,67059887,0.140234217742883,51.5973833824064,2715518274227.45,40493.9285720456,1.36634401665445,31.7717136605065,862766690486.273,32.7510153736559,889359807466.665,-26593116980.3921,-0.979301713149316,NA,NA,NA,NA,3.8,2.7,NA,NA,NA,NA,NA,NA,NA,NA,NA,NA,NA,NA,NA,NA,NA,407915,50,NA,NA,FR,Europe & Central Asia,Paris,2.35097,48.8566,High income,Not classified
2019,PYF,French Polynesia,279287,0.577415665471892,49.3377732423868,NA,NA,NA,NA,NA,NA,NA,NA,NA,NA,NA,NA,NA,NA,NA,NA,NA,NA,NA,NA,NA,NA,NA,NA,NA,NA,NA,NA,NA,NA,NA,NA,NA,NA,PF,East Asia & Pacific,Papeete,-149.57,-17.535,High income,Not classified
2019,GAB,Gabon,2172579,2.48408920696695,49.0838994043022,16657960228.0892,7667.36686126914,0.857346403858443,51.3782574064091,8558569684.64494,21.5609013351493,3591606369.22673,4966963315.41821,29.8173560712598,NA,NA,NA,NA,31.1,20.2,NA,NA,NA,NA,NA,NA,NA,NA,NA,NA,NA,NA,NA,NA,NA,454,440,NA,NA,GA,Sub-Saharan Africa,Libreville,9.45162,0.38832,Upper middle income,IBRD
2019,GMB,"Gambia, The",2347706,2.92185023710734,50.403970531108,1763819047.69838,751.294688388742,2.92356681292554,21.3411527905055,376419317.91735,44.1432953468069,778607851.608732,-402188533.691382,-22.8021425563014,NA,NA,NA,NA,35.9,27.1,NA,NA,NA,NA,NA,NA,NA,NA,NA,NA,NA,NA,NA,NA,NA,4302,17813,NA,NA,GM,Sub-Saharan Africa,Banjul,-16.5885,13.4495,Low income,IDA
2019,GEO,Georgia,3720382,-0.165625313562404,52.317826280374,17743195770.1998,4769.18654326351,5.31109072468293,53.9969321288506,9580781377.52386,62.8715593945054,11155423867.1445,-1574642489.62067,-8.87462726565484,NA,NA,NA,NA,8.5,4.9,NA,NA,NA,NA,NA,NA,NA,NA,NA,NA,NA,NA,NA,NA,NA,1355,7519,NA,NA,GE,Europe & Central Asia,Tbilisi,44.793,41.71,Upper middle income,IBRD
2019,DEU,Germany,83132799,0.273451073953555,50.6099449446524,3845630030823.52,46258.8782897052,0.289556721376243,46.9681620628724,1806221745215.68,41.1304985721397,1581726804917.64,224494940298.039,5.83766349073274,NA,NA,NA,NA,3.2,2.3,NA,NA,NA,NA,NA,NA,NA,NA,NA,NA,NA,NA,NA,NA,NA,1146682,69,NA,NA,DE,Europe & Central Asia,Berlin,13.4115,52.5235,High income,Not classified
2019,GHA,Ghana,30417856,2.16257788677108,49.3189625646882,66983634223.943,2202.11556738065,4.20043667238612,35.9767823463246,24098556292.4062,35.4014084701214,23713149959.7501,385406332.656115,0.575373876203262,NA,NA,NA,NA,33.9,23.1,NA,NA,NA,NA,NA,NA,NA,NA,NA,NA,NA,NA,NA,NA,NA,11946,18425,NA,NA,GH,Sub-Saharan Africa,Accra,-0.20795,5.57045,Lower middle income,IDA
2019,GIB,Gibraltar,33701,-0.0504308885041264,NA,NA,NA,NA,NA,NA,NA,NA,NA,NA,NA,NA,NA,NA,NA,NA,NA,NA,NA,NA,NA,NA,NA,NA,NA,NA,NA,NA,NA,NA,NA,NA,NA,NA,NA,GI,Europe & Central Asia,,,,High income,Not classified
2019,GRC,Greece,10716322,-0.154411355221523,50.9185701142279,209852761468.681,19582.5360108329,2.02829137125097,37.1874851920637,78038964596.3026,37.1969815824349,78058893033.7363,-19928437.4337255,-0.00949639037116012,NA,NA,NA,NA,3.3,2.3,NA,NA,NA,NA,NA,NA,NA,NA,NA,NA,NA,NA,NA,NA,NA,80454,95,NA,NA,GR,Europe & Central Asia,Athens,23.7166,37.9792,High income,Not classified
2019,GRL,Greenland,56225,0.359917714454119,NA,NA,NA,NA,NA,NA,NA,NA,NA,NA,NA,NA,NA,NA,NA,NA,NA,NA,NA,NA,NA,NA,NA,NA,NA,NA,NA,NA,NA,NA,NA,NA,NA,NA,NA,GL,Europe & Central Asia,Nuuk,-51.7214,64.1836,High income,Not classified
2019,GRD,Grenada,112003,0.491370692894964,49.6205424903127,1228170370.37037,10965.5131592044,2.62082741636429,54.5487988757743,669952185.185185,55.4987666085656,681619407.407407,-11667222.2222222,-0.949967732791325,NA,NA,NA,NA,14.7,11,NA,NA,NA,NA,NA,NA,NA,NA,NA,NA,NA,NA,NA,NA,NA,NA,80,NA,NA,GD,Latin America & Caribbean,Saint George's,-61.7449,12.0653,Upper middle income,Blend
2019,GUM,Guam,167294,0.916352317700628,49.528079141636,NA,NA,NA,NA,NA,NA,NA,NA,NA,NA,NA,NA,NA,NA,NA,NA,NA,NA,NA,NA,NA,NA,NA,NA,NA,NA,NA,NA,NA,NA,NA,NA,NA,NA,GU,East Asia & Pacific,Agana,144.794,13.4443,High income,Not classified
2019,GTM,Guatemala,16604026,1.56038604781094,50.743896587522,76710385879.6627,4619.98709708493,2.23817612716715,17.6960308754886,13574693569.9715,28.1695474102739,21608968518.9757,-8034274949.00412,-10.4735165347853,NA,NA,NA,NA,20.7,12.2,NA,NA,NA,NA,NA,NA,NA,NA,NA,NA,NA,NA,NA,NA,NA,408,22770,NA,NA,GT,Latin America & Caribbean,Guatemala City,-90.5328,14.6248,Upper middle income,IBRD
2019,GIN,Guinea,12771246,2.83457538168629,51.7190805031866,13590281808.6928,1064.13123736656,2.62632678405912,42.2747476804433,5745257343.68606,66.4460787471487,9030209352.56343,-3284952008.87737,-24.1713310667054,NA,NA,NA,NA,63.8,30.4,NA,NA,NA,NA,NA,NA,NA,NA,NA,NA,NA,NA,NA,NA,NA,4964,26857,NA,NA,GN,Sub-Saharan Africa,Conakry,-13.7,9.51667,Low income,IDA
2019,GNB,Guinea-Bissau,1920922,2.45652209459577,51.124228688694,1340389410.76003,697.784402885715,2.06187324115223,23.4976388828718,314959863.364646,33.5109169644693,449176782.440335,-134216919.075689,-10.0132780815976,NA,NA,NA,NA,52.3,35.1,NA,NA,NA,NA,NA,NA,NA,NA,NA,NA,NA,NA,NA,NA,NA,1846,2093,NA,NA,GW,Sub-Saharan Africa,Bissau,-15.1804,11.8037,Low income,IDA
2019,GUY,Guyana,782766,0.481762010560315,49.7593816869471,4280443645.08393,5468.35662903592,4.19271970835153,33.013543834684,1413126139.08873,46.0682205894299,1971924220.6235,-558798081.534772,-13.0546767547459,NA,NA,NA,NA,24.4,18.6,NA,NA,NA,NA,NA,NA,NA,NA,NA,NA,NA,NA,NA,NA,NA,14,284,NA,NA,GY,Latin America & Caribbean,Georgetown,-58.1548,6.80461,Upper middle income,IDA
2019,HTI,Haiti,11263077,1.24989940326034,50.6565123089344,8498981820.87012,754.58791774842,-2.16537840080001,16.8512981598901,1432188767.18968,57.4572158793734,4883278332.36605,-3451089565.17636,-40.6059177194832,NA,NA,NA,NA,48.2,25.3,NA,NA,NA,NA,NA,NA,NA,NA,NA,NA,NA,NA,NA,NA,NA,NA,26734,NA,NA,HT,Latin America & Caribbean,Port-au-Prince,-72.3288,18.5392,Low income,IDA
2019,HPC,Heavily indebted poor countries (HIPC),801708035,2.75220226573806,50.1218782634535,759266600603.65,947.061233586925,1.27816000875902,24.9383748704946,183176415901.019,32.4348265414029,242588241826.369,NA,-7.49645167090832,NA,NA,NA,NA,47.0045356173273,26.1445727451493,NA,NA,NA,NA,NA,NA,NA,NA,NA,NA,NA,NA,NA,NA,NA,5566125,7532823,NA,NA,XE,Aggregates,,,,Aggregates,Aggregates
2019,HIC,High income,1235852827,0.433729853557736,50.2064409756824,55045371946278.3,44540.3940855154,1.24121575277142,33.2322529628287,17176768895710.7,32.0991211672436,16636324748419.5,NA,1.13313179558511,NA,NA,NA,NA,4.3,2.9,NA,NA,NA,NA,NA,NA,NA,NA,NA,NA,NA,NA,NA,NA,NA,3424205,40714,NA,NA,XD,Aggregates,,,,Aggregates,Aggregates
2019,HND,Honduras,9746117,1.64064879291134,50.0416935363476,25095395475.0393,2574.91219067443,0.982330294647582,40.2459147663485,10099871473.1624,56.367436495052,14145631107.5749,-4045759634.41255,-16.1215217287036,NA,NA,NA,NA,14.5,9.2,NA,NA,NA,NA,NA,NA,NA,NA,NA,NA,NA,NA,NA,NA,NA,75,26370,NA,NA,HN,Latin America & Caribbean,Tegucigalpa,-87.4667,15.1333,Lower middle income,IDA
2019,HKG,"Hong Kong SAR, China",7507400,0.754094920172569,54.0288485033331,366029556273.051,48755.8350791287,-1.93060410753957,177.297308981926,648960553350.604,175.524925117784,642473104557.23,6487448793.37409,1.77238386414199,NA,NA,NA,NA,NA,NA,NA,NA,NA,NA,NA,NA,NA,NA,NA,NA,NA,NA,NA,NA,NA,128,5,NA,NA,HK,East Asia & Pacific,,114.109,22.3964,High income,Not classified
2019,HUN,Hungary,9769949,-0.0574556437016089,52.4171165180471,160967157503.612,16475.7418389402,4.98809653541682,83.3280597564514,134130809192.871,79.6524821127639,128214336337.989,5916472854.88199,3.67557764368748,NA,NA,NA,NA,3,2,NA,NA,NA,NA,NA,NA,NA,NA,NA,NA,NA,NA,NA,NA,NA,5750,4007,NA,NA,HU,Europe & Central Asia,Budapest,19.0408,47.4984,High income,Not classified
2019,IBD,IBRD only,4816235951,0.816182785519743,49.3405642759127,31618204428931.7,6564.92014731271,3.08826072241905,25.96497697072,7746274325757.8,25.2977449006569,7618738809947.6,NA,0.667232070063154,NA,NA,NA,NA,18.0873302375644,12.5377989557985,NA,NA,NA,NA,NA,NA,NA,NA,NA,NA,NA,NA,NA,NA,NA,10816543,1925096,NA,NA,XF,Aggregates,,,,Aggregates,Aggregates
2019,ISL,Iceland,361313,2.40672425296975,49.7901408990759,24188035738.7846,66944.8255080349,-0.504942726891898,45.3199712594568,10962010845.0443,40.5967046854167,9819545438.07745,1142465406.96689,4.72326657404011,NA,NA,NA,NA,1.6,1,NA,NA,NA,NA,NA,NA,NA,NA,NA,NA,NA,NA,NA,NA,NA,894,5,NA,NA,IS,Europe & Central Asia,Reykjavik,-21.8952,64.1353,High income,Not classified
2019,IBT,IDA & IBRD total,6486934851,1.18876443261939,49.4815118619127,33912132433932.9,5227.75905922735,2.69234944628529,25.7232184306584,8206006470423.74,25.4849896394505,8241884084666.42,NA,0.238228791207888,NA,NA,NA,NA,30.5100761239804,18.8684615997923,NA,NA,NA,NA,NA,NA,NA,NA,NA,NA,NA,NA,NA,NA,NA,20356739,19945873,NA,NA,ZT,Aggregates,,,,Aggregates,Aggregates
2019,IDB,IDA blend,561572202,2.26855633979939,49.2744143792151,989721112790.581,1762.41115437295,-0.00580606703753972,NA,NA,NA,NA,NA,NA,NA,NA,NA,NA,58.748033224019,34.2452936890601,NA,NA,NA,NA,NA,NA,NA,NA,NA,NA,NA,NA,NA,NA,NA,2363258,537428,NA,NA,XH,Aggregates,,,,Aggregates,Aggregates
2019,IDX,IDA only,1109126698,2.28339786815268,50.1995988033734,1315248865134.09,1185.84185873965,2.69430554647138,23.1403438374335,318379644485.222,32.5493399209827,426302110748.847,NA,-9.40899608354924,NA,NA,NA,NA,43.7784875795251,25.1183112214748,NA,NA,NA,NA,NA,NA,NA,NA,NA,NA,NA,NA,NA,NA,NA,7176938,17483349,NA,NA,XI,Aggregates,,,,Aggregates,Aggregates
2019,IDA,IDA total,1670698900,2.27840870302106,49.8882953988213,2301372398524.79,1377.49082047327,1.36954666312452,NA,NA,NA,629743565218.868,NA,NA,NA,NA,NA,NA,48.8909949184605,28.235424189097,NA,NA,NA,NA,NA,NA,NA,NA,NA,NA,NA,NA,NA,NA,NA,9540196,18020777,NA,NA,XG,Aggregates,,,,Aggregates,Aggregates
2019,IND,India,1366417754,1.01510602753472,48.0298342961521,2875142314811.85,2104.14590003333,3.963162536608,18.6619686010812,536558156026.587,21.3565685053267,614031738088.427,-77473582061.8406,-2.69459990424546,NA,NA,NA,NA,28.3,21.7,NA,NA,NA,NA,NA,NA,NA,NA,NA,NA,NA,NA,NA,NA,NA,195103,11979,NA,NA,IN,South Asia,New Delhi,77.225,28.6353,Lower middle income,IBRD
2019,IDN,Indonesia,270625568,1.10058458685211,49.6463831889173,1119190780752.8,4135.56926281554,3.87516568673441,18.4075155786612,206015217322.011,18.8958822798066,211480972417.496,-5465755095.48518,-0.488366701145338,NA,NA,NA,NA,20.2,12.4,NA,NA,NA,NA,NA,NA,NA,NA,NA,NA,NA,NA,NA,NA,NA,10287,12051,NA,NA,ID,East Asia & Pacific,Jakarta,106.83,-6.19752,Lower middle income,IBRD
2019,IRN,"Iran, Islamic Rep.",82913906,1.35222602321056,49.4778396185064,NA,NA,NA,NA,NA,NA,NA,NA,NA,NA,NA,NA,NA,12,8.6,NA,NA,NA,NA,NA,NA,NA,NA,NA,NA,NA,NA,NA,NA,NA,979435,129676,NA,NA,IR,Middle East & North Africa,Tehran,51.4447,35.6878,Upper middle income,IBRD
2019,IRQ,Iraq,39309783,2.25413421903288,49.3973015220204,234094042938.917,5955.10901036816,2.07390219030114,37.0783752996109,86798267794.9239,39.2954816300492,91988381640.1015,-5190113845.17766,-2.21710633043829,NA,NA,NA,NA,21.8,15.3,NA,NA,NA,NA,NA,NA,NA,NA,NA,NA,NA,NA,NA,NA,NA,273986,344460,NA,NA,IQ,Middle East & North Africa,Baghdad,44.394,33.3302,Upper middle income,IBRD
2019,IRL,Ireland,4941444,1.51149403751316,50.3856837217342,388698711348.156,78660.9564629603,3.96638512430482,126.795438438735,492852235259.607,112.419653245149,436973743465.96,55878491793.647,14.3757851935858,NA,NA,NA,NA,2.8,2.1,NA,NA,NA,NA,NA,NA,NA,NA,NA,NA,NA,NA,NA,NA,NA,7795,NA,NA,NA,IE,Europe & Central Asia,Dublin,-6.26749,53.3441,High income,Not classified
2019,IMN,Isle of Man,84584,0.601207780255882,NA,NA,NA,NA,NA,NA,NA,NA,NA,NA,NA,NA,NA,NA,NA,NA,NA,NA,NA,NA,NA,NA,NA,NA,NA,NA,NA,NA,NA,NA,NA,NA,NA,NA,NA,IM,Europe & Central Asia,Douglas,-4.47928,54.1509,High income,Not classified
2019,ISR,Israel,9053300,1.90125095125148,50.2624547604618,395098666121.616,43641.3977358108,1.56461292657069,NA,NA,NA,NA,NA,NA,NA,NA,NA,NA,3,1.9,NA,NA,NA,NA,NA,NA,NA,NA,NA,NA,NA,NA,NA,NA,NA,16107,452,NA,NA,IL,Middle East & North Africa,,35.2035,31.7717,High income,Not classified
2019,ITA,Italy,60297396,-0.206038624053582,51.3443596419309,2001244392041.57,33189.5657988542,0.50812853467221,31.6056970657966,632507240094.901,28.5337329311474,571029730124.705,61477509970.196,3.07196413464923,NA,NA,NA,NA,2.7,1.9,NA,NA,NA,NA,NA,NA,NA,NA,NA,NA,NA,NA,NA,NA,NA,207602,76,NA,NA,IT,Europe & Central Asia,Rome,12.4823,41.8955,High income,Not classified
2019,JAM,Jamaica,2948279,0.456356197137556,50.3533758870011,16458071067.8176,5582.26377755211,0.241496310220327,37.9578534145257,6247130490.78066,51.0685283232471,8404894684.72854,-2157764193.94789,-13.1106749087214,NA,NA,NA,NA,11.9,9.8,NA,NA,NA,NA,NA,NA,NA,NA,NA,NA,NA,NA,NA,NA,NA,NA,2529,NA,NA,JM,Latin America & Caribbean,Kingston,-76.792,17.9927,Upper middle income,IBRD
2019,JPN,Japan,126264931,-0.208999472902293,51.1665111241776,5081769542379.77,40246.8801284164,0.864738282536948,NA,NA,NA,NA,NA,NA,NA,NA,NA,NA,1.8,0.8,NA,NA,NA,NA,NA,NA,NA,NA,NA,NA,NA,NA,NA,NA,NA,1463,39,NA,NA,JP,East Asia & Pacific,Tokyo,139.77,35.67,High income,Not classified
2019,JOR,Jordan,10101694,1.4526643189474,49.382613634125,43743661971.831,4330.32934593257,0.528992662022816,37.2327258677313,16286957746.4789,50.38444201172,22040000000,-5753042253.52113,-13.1517161439887,NA,NA,NA,NA,13.4,9.2,NA,NA,NA,NA,NA,NA,NA,NA,NA,NA,NA,NA,NA,NA,NA,2966079,2384,NA,NA,JO,Middle East & North Africa,Amman,35.9263,31.9497,Upper middle income,IBRD
2019,KAZ,Kazakhstan,18513930,1.29074221770545,51.4875404739732,180161741180.147,9731.14520688729,3.15984198122983,36.5401800151458,65831424545.6467,27.8913261448318,50249498820.7624,15581925724.8843,8.64885387031403,NA,NA,NA,NA,9.3,4.7,NA,NA,NA,NA,NA,NA,NA,NA,NA,NA,NA,NA,NA,NA,NA,518,2757,NA,NA,KZ,Europe & Central Asia,Astana,71.4382,51.1879,Upper middle income,IBRD
2019,KEN,Kenya,52573973,2.27190164034829,50.3130855619094,95503088538.092,1816.5469164389,2.99893048296214,12.0317975926968,11490738307.6772,21.3696454751159,20408671438.3763,-8917933130.69909,-9.33784788241913,NA,NA,NA,NA,31.9,21,NA,NA,NA,NA,NA,NA,NA,NA,NA,NA,NA,NA,NA,NA,NA,438899,8018,NA,NA,KE,Sub-Saharan Africa,Nairobi,36.8126,-1.27975,Lower middle income,Blend
2019,KIR,Kiribati,117606,1.50696995827,50.8349772124345,194647201.946472,1655.07883905984,0.718080749798673,NA,NA,NA,NA,NA,NA,NA,NA,NA,NA,40.1,22.1,NA,NA,NA,NA,NA,NA,NA,NA,NA,NA,NA,NA,NA,NA,NA,NA,NA,NA,NA,KI,East Asia & Pacific,Tarawa,172.979,1.32905,Lower middle income,IDA
2019,PRK,"Korea, Dem. Peopleâ€™s Rep.",25666161,0.454319921690691,51.0921658005846,NA,NA,NA,NA,NA,NA,NA,NA,NA,NA,NA,NA,NA,13.1,9.5,NA,NA,NA,NA,NA,NA,NA,NA,NA,NA,NA,NA,NA,NA,NA,NA,758,NA,NA,KP,East Asia & Pacific,Pyongyang,125.754,39.0319,Low income,Not classified
2019,KOR,"Korea, Rep.",51709098,0.198353208370259,49.9281673608253,1642383217167.26,31761.9776923447,1.8309655291738,39.8258409930053,654092928564.839,36.8835541072986,605769302553.079,48323626011.7603,2.94228688570671,NA,NA,NA,NA,2.7,1.5,NA,NA,NA,NA,NA,NA,NA,NA,NA,NA,NA,NA,NA,NA,NA,3196,180,NA,NA,KR,East Asia & Pacific,Seoul,126.957,37.5323,High income,Not classified
2019,XKX,Kosovo,1794248,-0.157991508452547,NA,7926108374.38424,4417.50993975428,4.33637211223734,27.7671054861857,2200850873.26467,56.0596643878185,4443349753.69458,-2242498880.42992,-28.2925589016329,NA,NA,NA,NA,NA,NA,NA,NA,NA,NA,NA,NA,NA,NA,NA,NA,NA,NA,NA,NA,NA,NA,NA,NA,NA,XK,Europe & Central Asia,Pristina,20.926,42.565,Upper middle income,IDA
2019,KWT,Kuwait,4207083,1.67232318324502,39.0775353053914,134761198945.982,32031.9801025988,-1.25290739062133,NA,NA,NA,NA,NA,NA,NA,NA,NA,NA,6.8,4.5,NA,NA,NA,NA,NA,NA,NA,NA,NA,NA,NA,NA,NA,NA,NA,686,1300,NA,NA,KW,Middle East & North Africa,Kuwait City,47.9824,29.3721,High income,Not classified
2019,KGZ,Kyrgyz Republic,6456900,2.09871784350026,50.5303037741992,8454619607.81795,1309.39299165512,2.3366844744131,37.3851607952242,3160773135.0073,65.6998378421619,5554671372.50802,-2393898237.50072,-28.3146770469376,NA,NA,NA,NA,16.4,12.3,NA,NA,NA,NA,NA,NA,NA,NA,NA,NA,NA,NA,NA,NA,NA,347,2963,NA,NA,KG,Europe & Central Asia,Bishkek,74.6057,42.8851,Lower middle income,IDA
2019,LAO,Lao PDR,7169455,1.5171155747641,49.8005427468974,18173839128.2699,2534.89827724281,3.07617991208946,NA,NA,NA,NA,NA,NA,NA,NA,NA,NA,36.4,22,NA,NA,NA,NA,NA,NA,NA,NA,NA,NA,NA,NA,NA,NA,NA,NA,6757,NA,NA,LA,East Asia & Pacific,Vientiane,102.177,18.5826,Lower middle income,IDA
2019,LTE,Late-demographic dividend,2298470832,0.464939742419872,49.5126455339587,22985816197741.2,10000.4820064391,3.86818340873647,29.3687620952308,6471146382731.82,26.7566048152556,5907228121389.13,NA,2.61215727997518,NA,NA,NA,NA,8.43084128735008,5.21292144688945,NA,NA,NA,NA,NA,NA,NA,NA,NA,NA,NA,NA,NA,NA,NA,2109831,1009622,NA,NA,V3,Aggregates,,,,Aggregates,Aggregates
2019,NA,Latin America & Caribbean,646430841,0.933091750844994,50.808602626095,5719252824663.02,8847.43187038476,-0.100461779781668,22.5408024012919,1397397352581.02,23.2565556395355,1487801720380.09,NA,-0.715753238243551,NA,NA,NA,NA,13.9,9.1,NA,NA,NA,NA,NA,NA,NA,NA,NA,NA,NA,NA,NA,NA,NA,257918,440026,NA,NA,ZJ,NA,NA,NA,NA,NA,NA
2019,LAC,Latin America & Caribbean (excluding high income),613773128,0.930756336950139,50.8018241085867,5136327518155.87,8368.44639140975,-0.130300659746709,22.2629007806144,1181675031004.74,23.0238719032906,1289069746192.64,NA,-0.760971122676203,NA,NA,NA,NA,14.0732403701771,9.21343956497248,NA,NA,NA,NA,NA,NA,NA,NA,NA,NA,NA,NA,NA,NA,NA,250429,438200,NA,NA,XJ,Aggregates,,,,Aggregates,Aggregates
2019,TLA,Latin America & the Caribbean (IDA & IBRD countries),630644770,0.956653103896699,50.8060339357556,5474751287356.85,8681.19668598354,-0.130427892642473,22.5205840670087,1303191358600.01,23.237417762371,1409009441045.27,NA,-0.71683369536234,NA,NA,NA,NA,13.9610879853823,9.16283335722634,NA,NA,NA,NA,NA,NA,NA,NA,NA,NA,NA,NA,NA,NA,NA,257589,432596,NA,NA,T2,Aggregates,,,,Aggregates,Aggregates
2019,LVA,Latvia,1912789,-0.749229473885315,53.9555471642699,34117202555.0666,17836.3648865958,2.96601070085023,59.9064177760091,20438393896.1255,59.8236446824686,20410154032.1411,28239863.9843137,0.0827730935405192,NA,NA,NA,NA,3.1,1.9,NA,NA,NA,NA,NA,NA,NA,NA,NA,NA,NA,NA,NA,NA,NA,665,144,NA,NA,LV,Europe & Central Asia,Riga,24.1048,56.9465,High income,Not classified
2019,LDC,Least developed countries: UN classification,1033388876,2.34992348107012,50.2654282897648,1105397168763.63,1069.6816991512,2.014918967507,NA,NA,NA,NA,NA,NA,NA,NA,NA,NA,44.8070621263596,25.555334708066,NA,NA,NA,NA,NA,NA,NA,NA,NA,NA,NA,NA,NA,NA,NA,6605694,10780678,NA,NA,XL,Aggregates,,,,Aggregates,Aggregates
2019,LBN,Lebanon,6855713,0.0990613623664896,49.6879753793517,53367042272.1725,7784.31685692976,-5.7306014602693,21.6633734222067,11561101651.8076,41.9482953835925,22386564529.8176,-10825462878.0099,-20.2849219613858,NA,NA,NA,NA,6.2,4.2,NA,NA,NA,NA,NA,NA,NA,NA,NA,NA,NA,NA,NA,NA,NA,1392174,5801,NA,NA,LB,Middle East & North Africa,Beirut,35.5134,33.8872,Upper middle income,IBRD
2019,LSO,Lesotho,2125268,0.80956647567982,50.6911837430309,2460072443.62842,1157.53516433147,0.69747963384854506,43.6317866078727,1073373559.00303,90.9901264880189,2238423028.1544,-1165049469.15137,-47.3583398801462,NA,NA,NA,NA,68.1,42.8,NA,NA,NA,NA,NA,NA,NA,NA,NA,NA,NA,NA,NA,NA,NA,143,6,NA,NA,LS,Sub-Saharan Africa,Maseru,27.7167,-29.5208,Lower middle income,IDA
2019,LBR,Liberia,4937374,2.42719460419122,49.7482669937501,3070518100,621.892953622715,-4.62158849206382,28.7253281457615,882016400,98.7269477421417,3031428800,-2149412400,-70.0016195963802,NA,NA,NA,NA,62.2,32.4,NA,NA,NA,NA,NA,NA,NA,NA,NA,NA,NA,NA,NA,NA,NA,8225,5375,NA,NA,LR,Sub-Saharan Africa,Monrovia,-10.7957,6.30039,Low income,IDA
2019,LBY,Libya,6777452,1.46977765305762,49.4999227585938,52076250947.5792,7683.75061122959,1.03992403176684,64.835903703482,33764107916.7561,53.4859010433648,27853452048.9165,5910655867.83951,11.3500026601171,NA,NA,NA,NA,9.9,6.5,NA,NA,NA,NA,NA,NA,NA,NA,NA,NA,NA,NA,NA,NA,NA,4730,16033,NA,NA,LY,Middle East & North Africa,Tripoli,13.1072,32.8578,Upper middle income,IBRD
2019,LIE,Liechtenstein,38019,0.287110523979341,NA,NA,NA,NA,NA,NA,NA,NA,NA,NA,NA,NA,NA,NA,NA,NA,NA,NA,NA,NA,NA,NA,NA,NA,NA,NA,NA,NA,NA,NA,NA,125,NA,NA,NA,LI,Europe & Central Asia,Vaduz,9.52148,47.1411,High income,Not classified
2019,LTU,Lithuania,2786844,-0.526056405820061,53.7446491940408,54219315600.0854,19455.4541266341,4.4785811308836,78.0880491773397,42338805829.4117,72.4926913362334,39305041102.5882,3033764726.82352,5.59535784110625,NA,NA,NA,NA,3,2,NA,NA,NA,NA,NA,NA,NA,NA,NA,NA,NA,NA,NA,NA,NA,1822,61,NA,NA,LT,Europe & Central Asia,Vilnius,25.2799,54.6896,High income,Not classified
2019,LMY,Low & middle income,6437681145,1.19885159517482,49.4644370955583,32705773165069.7,5080.3654962737,2.71686518860317,24.618799735382,7619202093747.25,24.465297899539,7684319346286.45,NA,0.153501835843027,NA,NA,NA,NA,30.6115730439416,18.9319800616715,NA,NA,NA,NA,NA,NA,NA,NA,NA,NA,NA,NA,NA,NA,NA,22650443,20022254,NA,NA,XO,Aggregates,,,,Aggregates,Aggregates
2019,LIC,Low income,668454965,2.62961040524759,50.1603859388559,521273843020.466,779.818941161527,1.2222830317898,NA,NA,NA,NA,NA,NA,NA,NA,NA,NA,47.9,26.6,NA,NA,NA,NA,NA,NA,NA,NA,NA,NA,NA,NA,NA,NA,NA,5867788,16197626,NA,NA,XM,Aggregates,,,,Aggregates,Aggregates
2019,LMC,Lower middle income,2913363391,1.42618221261569,49.0472063592083,6341105055559.54,2176.55822653246,2.89978926776431,25.6534043967253,1576028678716,30.8982515668183,1852615016261.24,NA,-5.24484717009299,NA,NA,NA,NA,36.6,23.8,NA,NA,NA,NA,NA,NA,NA,NA,NA,NA,NA,NA,NA,NA,NA,6583870,2510720,NA,NA,XN,Aggregates,,,,Aggregates,Aggregates
2019,LUX,Luxembourg,619896,1.9459080290974,49.4729832881295,71104919108.1411,114704.594170863,0.325616690529912,208.752749843757,148433473912.423,172.763866605908,122843607598.227,25589866314.196,35.9888832378492,NA,NA,NA,NA,2.2,1.5,NA,NA,NA,NA,NA,NA,NA,NA,NA,NA,NA,NA,NA,NA,NA,2548,5,NA,NA,LU,Europe & Central Asia,Luxembourg,6.1296,49.61,High income,Not classified
2019,MAC,"Macao SAR, China",640445,1.38499683787543,51.9544192640753,53859116535.5306,84096.3963112065,-6.0215138189858,83.5021970690409,44973545629.1432,33.4373202659489,18009045288.396,26964500340.7472,50.064876803092,NA,NA,NA,NA,NA,NA,NA,NA,NA,NA,NA,NA,NA,NA,NA,NA,NA,NA,NA,NA,NA,NA,NA,NA,NA,MO,East Asia & Pacific,,113.55,22.1667,High income,Not classified
2019,MDG,Madagascar,26969307,2.65624016241262,50.1176300198455,14083906356.618,522.21980923047,2.05290652806265,26.4646001286681,3727249499.77502,33.3575539716716,4698046664.22852,-970797164.4535,-6.89295384300341,NA,NA,NA,NA,36.5,20.1,NA,NA,NA,NA,NA,NA,NA,NA,NA,NA,NA,NA,NA,NA,NA,113,298,NA,NA,MG,Sub-Saharan Africa,Antananarivo,45.7167,-20.4667,Low income,IDA
2019,MWI,Malawi,18628747,2.64037519341292,50.6929960782659,7666704427.00915,411.552340423602,1.64956232636683,31.0080149065091,2377292851.56499,35.5964946761968,2729078033.20006,-351785181.635068,-4.58847976968772,NA,NA,NA,NA,30.9,19.8,NA,NA,NA,NA,NA,NA,NA,NA,NA,NA,NA,NA,NA,NA,NA,14087,606,NA,NA,MW,Sub-Saharan Africa,Lilongwe,33.7703,-13.9899,Low income,IDA
2019,MYS,Malaysia,31949777,1.32706064876164,48.5969563054078,364701517787.844,11414.8376618668,2.9548393838154,65.3408041621298,238298904514.07,57.7501464489845,210615660624.149,27683243889.9211,7.59065771314534,NA,NA,NA,NA,7.3,4.6,NA,NA,NA,NA,NA,NA,NA,NA,NA,NA,NA,NA,NA,NA,NA,129107,1154,NA,NA,MY,East Asia & Pacific,Kuala Lumpur,101.684,3.12433,Upper middle income,IBRD
2019,MDV,Maldives,530953,2.91560605041598,36.7048555721085,5729248472.24028,10790.50023682,2.19260452980794,66.2958897109391,3798256248.42208,69.4414702326112,3978474372.40307,-180218123.980991,-3.14558052167217,NA,NA,NA,NA,6.5,4.9,NA,NA,NA,NA,NA,NA,NA,NA,NA,NA,NA,NA,NA,NA,NA,NA,75,NA,NA,MV,South Asia,Male,73.5109,4.1742,Upper middle income,IDA
2019,MLI,Mali,19658031,2.99663676010293,49.9210220681907,17510141171.3403,890.737285506382,1.93902724218893,23.0159684430701,4030128566.33271,34.1730288629343,5983745596.42266,-1953617030.08995,-11.1570604198641,NA,NA,NA,NA,60.2,32.1,NA,NA,NA,NA,NA,NA,NA,NA,NA,NA,NA,NA,NA,NA,NA,26672,164461,NA,NA,ML,Sub-Saharan Africa,Bamako,-7.50034,13.5667,Low income,IDA
2019,MLT,Malta,502653,3.65143580077893,49.8650020323496,14786156563.3046,29416.2306070084,0.641326286211054,140.600439612444,20789401129.7906,120.411643985476,17804254200.1415,2985146929.64906,20.1887956269678,NA,NA,NA,NA,6.1,4.7,NA,NA,NA,NA,NA,NA,NA,NA,NA,NA,NA,NA,NA,NA,NA,8908,5,NA,NA,MT,Middle East & North Africa,Valletta,14.5189,35.9042,High income,Not classified
2019,MHL,Marshall Islands,58791,0.645031416343302,NA,NA,NA,NA,NA,NA,NA,NA,NA,NA,NA,NA,NA,NA,26.4,15.3,NA,NA,NA,NA,NA,NA,NA,NA,NA,NA,NA,NA,NA,NA,NA,NA,7,NA,NA,MH,East Asia & Pacific,Majuro,171.135,7.11046,Upper middle income,IDA
2019,MRT,Mauritania,4525696,2.7412802727648,49.8012682242607,7593752450.2055,1677.91925268633,3.06609884049034,41.844278522493,3177550925.57262,52.3741350810683,3977162165.99256,-799611240.419942,-10.5298565585754,NA,NA,NA,NA,50.1,32,NA,NA,NA,NA,NA,NA,NA,NA,NA,NA,NA,NA,NA,NA,NA,84901,37423,NA,NA,MR,Sub-Saharan Africa,Nouakchott,-15.9824,18.2367,Lower middle income,IDA
2019,MUS,Mauritius,1265711,0.0322400432027594,50.6193735380059,14180444557.2047,11203.5405848607,3.51740494356467,39.1748007077113,5555160894.75242,53.6341768880584,7605564717.3242,-2050403822.57178,-14.4593761803471,NA,NA,NA,NA,14.3,10.2,NA,NA,NA,NA,NA,NA,NA,NA,NA,NA,NA,NA,NA,NA,NA,20,178,NA,NA,MU,Sub-Saharan Africa,Port Louis,57.4977,-20.1605,Upper middle income,IBRD
2019,MEX,Mexico,127575529,1.09136213246927,51.0851387494541,1258286717124.53,9863.0726988757,-1.22945029760103,39.0611874857464,491501733684.254,39.1147840831735,492176132550.51,-674398866.255529,-0.0535965974270701,NA,NA,NA,NA,12.2,8.6,NA,NA,NA,NA,NA,NA,NA,NA,NA,NA,NA,NA,NA,NA,NA,28517,14621,NA,NA,MX,Latin America & Caribbean,Mexico City,-99.1276,19.427,Upper middle income,IBRD
2019,FSM,"Micronesia, Fed. Sts.",113815,1.03774307896197,49.1551783219548,NA,NA,NA,NA,NA,NA,NA,NA,NA,NA,NA,NA,NA,24.5,15.9,NA,NA,NA,NA,NA,NA,NA,NA,NA,NA,NA,NA,NA,NA,NA,NA,NA,NA,NA,FM,East Asia & Pacific,Palikir,158.185,6.91771,Lower middle income,IDA
2019,MEA,Middle East & North Africa,456707404,1.73629247978811,48.1930648462227,3701386017855.84,8104.50188772468,0.0713038562104344,NA,1496102934691.55,NA,1351849098825.01,NA,NA,NA,NA,NA,NA,18.1,12.3,NA,NA,NA,NA,NA,NA,NA,NA,NA,NA,NA,NA,NA,NA,NA,9195527,7293558,NA,NA,ZQ,Aggregates,,,,Aggregates,Aggregates
2019,MNA,Middle East & North Africa (excluding high income),389457086,1.71335264654857,49.605474104704,NA,NA,NA,NA,NA,NA,NA,NA,NA,NA,NA,NA,NA,19.5701378230963,13.3211749979666,NA,NA,NA,NA,NA,NA,NA,NA,NA,NA,NA,NA,NA,NA,NA,9167508,7289249,NA,NA,XQ,Aggregates,,,,Aggregates,Aggregates
2019,TMN,Middle East & North Africa (IDA & IBRD countries),384771780,1.70332577455856,49.6093818048299,NA,NA,NA,NA,NA,NA,NA,NA,NA,NA,NA,NA,NA,19.6180707280871,13.3634762444491,NA,NA,NA,NA,NA,NA,NA,NA,NA,NA,NA,NA,NA,NA,NA,6848435,7192931,NA,NA,T3,Aggregates,,,,Aggregates,Aggregates
2019,MIC,Middle income,5769226180,1.03565053397206,49.383772702638,32165979692375.4,5575.44091508914,2.88365678282079,24.6874328031506,7502218774295.81,24.381037635256,7504756077772.82,NA,0.306395167894589,NA,NA,NA,NA,26.8107804506154,17.2527241022311,NA,NA,NA,NA,NA,NA,NA,NA,NA,NA,NA,NA,NA,NA,NA,16782655,3824628,NA,NA,XP,Aggregates,,,,Aggregates,Aggregates
2019,MDA,Moldova,2657637,-1.80522553770811,52.0721161004319,11955435456.7957,4498.52085021233,5.34085654109791,30.520413760485,3648848368.28179,55.2483160961689,6605176771.84397,-2956328403.56218,-24.7279023356839,NA,NA,NA,NA,12.4,10.7,NA,NA,NA,NA,NA,NA,NA,NA,NA,NA,NA,NA,NA,NA,NA,417,2427,NA,NA,MD,Europe & Central Asia,Chisinau,28.8497,47.0167,Lower middle income,Blend
2019,MCO,Monaco,38964,0.726376735217096,NA,NA,NA,NA,NA,NA,NA,NA,NA,NA,NA,NA,NA,NA,2.5,1.7,NA,NA,NA,NA,NA,NA,NA,NA,NA,NA,NA,NA,NA,NA,NA,22,5,NA,NA,MC,Europe & Central Asia,Monaco,7.41891,43.7325,High income,Not classified
2019,MNG,Mongolia,3225167,1.71875309742159,50.7023204386999,13852850259.4854,4295.23502487944,3.30820787171284,61.3393474303063,8497247949.66581,64.4195235462752,8923940134.73941,-426692185.073602,-3.08017611596888,NA,NA,NA,NA,13.4,8.1,NA,NA,NA,NA,NA,NA,NA,NA,NA,NA,NA,NA,NA,NA,NA,NA,2364,NA,NA,MN,East Asia & Pacific,Ulaanbaatar,106.937,47.9129,Lower middle income,Blend
2019,MNE,Montenegro,622137,-0.0144652208127193,50.5554246259483,5494736901.03,8832.03683598629,3.63579840405981,44.0777408011045,2421955888.93865,65.3761619788834,3592248096.73086,-1170292207.79221,-21.2984211777789,NA,NA,NA,NA,2,1.3,NA,NA,NA,NA,NA,NA,NA,NA,NA,NA,NA,NA,NA,NA,NA,653,659,NA,NA,ME,Europe & Central Asia,Podgorica,19.2595,42.4602,Upper middle income,IBRD
2019,MAR,Morocco,36471769,1.22105092988365,50.391590579957096,118725279596.13,3204.09500313298,1.03639557284593,39.139419761593,46468385544.2544,48.3237702566124,57372531348.5547,-10904145804.3003,-9.18435049501938,NA,NA,NA,NA,18.3,13.6,NA,NA,NA,NA,NA,NA,NA,NA,NA,NA,NA,NA,NA,NA,NA,6642,4637,NA,NA,MA,Middle East & North Africa,Rabat,-6.8704,33.9905,Lower middle income,IBRD
2019,MOZ,Mozambique,30366036,2.90713743750143,51.4396689749797,14934159925.5234,491.804723063735,-0.705129546125846,38.027632132743,5679107398.59358,74.1237851109148,11069764611.3153,-5390657212.72175,-36.0961529781717,NA,NA,NA,NA,54.8,28.5,NA,NA,NA,NA,NA,NA,NA,NA,NA,NA,NA,NA,NA,NA,NA,4713,77,NA,NA,MZ,Sub-Saharan Africa,Maputo,32.5713,-25.9664,Low income,IDA
2019,MMR,Myanmar,54045420,0.625548337219885,51.8096722419893,76085852617.1371,1407.81314341043,2.24635567265847,NA,NA,NA,NA,NA,NA,NA,NA,NA,NA,35.8,22.4,NA,NA,NA,NA,NA,NA,NA,NA,NA,NA,NA,NA,NA,NA,NA,NA,1078268,NA,10.45751,MM,East Asia & Pacific,Naypyidaw,95.9562,21.914,Lower middle income,IDA
2019,NAM,Namibia,2494530,1.87248088130699,51.5393718400785,12366527719.3322,4957.4580058497,-2.96811863603789,35.8100178805176,4428455787.49204,47.6655468194033,5894573059.9928,-1466117272.50076,-11.8555289388857,NA,NA,NA,NA,30.7,19.1,NA,NA,NA,NA,NA,NA,NA,NA,NA,NA,NA,NA,NA,NA,NA,3182,459,NA,NA,"NA",Sub-Saharan Africa,Windhoek,17.0931,-22.5648,Upper middle income,IBRD
2019,NRU,Nauru,12581,-0.972916513578618,NA,118223430.124446,9396.98196681072,0.977664732533185,19.9637023593466,23601773.7090545,79.2498487598306,93691889.5723072,-70090115.8632527,-59.286146400484,NA,NA,NA,NA,25.7,19.9,NA,NA,NA,NA,NA,NA,NA,NA,NA,NA,NA,NA,NA,NA,NA,755,NA,NA,NA,NR,East Asia & Pacific,Yaren District,166.920867,-0.5477,Upper middle income,IBRD
2019,NPL,Nepal,28608710,1.83733707688441,54.3951799303114,30641380604.2984,1071.05076056552,5.04337221355567,8.66829943913019,2656086623.06414,46.2576216976309,14173973922.8676,-11517887299.8035,-37.5893222585007,NA,NA,NA,NA,25.6,19.8,NA,NA,NA,NA,NA,NA,NA,NA,NA,NA,NA,NA,NA,NA,NA,19570,8192,NA,NA,NP,South Asia,Kathmandu,85.3157,27.6939,Low income,IDA
2019,NLD,Netherlands,17332850,0.585724460318329,50.1972641829856,909070395160.783,52447.8314391911,1.21591708038524,82.5237577442796,750199050627.45,71.7985693016818,652699537670.587,97499512956.8626,10.7251884425978,NA,NA,NA,NA,3.5,2.6,NA,NA,NA,NA,NA,NA,NA,NA,NA,NA,NA,NA,NA,NA,NA,94417,55,NA,NA,NL,Europe & Central Asia,Amsterdam,4.89095,52.3738,High income,Not classified
2019,NCL,New Caledonia,287800,1.30803110002856,49.7002726722946,NA,NA,NA,NA,NA,NA,NA,NA,NA,NA,NA,NA,NA,NA,NA,NA,NA,NA,NA,NA,NA,NA,NA,NA,NA,NA,NA,NA,NA,NA,NA,NA,NA,NA,NC,East Asia & Pacific,Noum'ea,166.464,-22.2677,High income,Not classified
2019,NZL,New Zealand,4917000,1.55772774722449,50.8439990951403,206928765543.935,42084.3533748088,0.591764568112467,NA,NA,NA,NA,NA,NA,NA,NA,NA,NA,3.9,2.6,NA,NA,NA,NA,NA,NA,NA,NA,NA,NA,NA,NA,NA,NA,NA,2724,34,NA,NA,NZ,East Asia & Pacific,Wellington,174.776,-41.2865,High income,Not classified
2019,NIC,Nicaragua,6545502,1.22957367676273,50.7144981829509,12520915291.1837,1912.90374537869,-5.05315805906093,45.1069893951012,5647807932.56385,49.9686530958685,6256532726.27915,-608724793.715299,-4.86166370076728,NA,NA,NA,NA,14.3,10.2,NA,NA,NA,NA,NA,NA,NA,NA,NA,NA,NA,NA,NA,NA,NA,322,4376,NA,NA,NI,Latin America & Caribbean,Managua,-86.2734,12.1475,Lower middle income,IDA
2019,NER,Niger,23310715,3.79366815330185,49.746462131863,12928145120.0296,554.600968697425,1.88900444138625,11.7354219777829,1517172383.73562,27.9775340077766,3616976197.531,-2099803813.79538,-16.242112029993802,NA,NA,NA,NA,46.7,24.3,NA,NA,NA,NA,NA,NA,NA,NA,NA,NA,NA,NA,NA,NA,NA,179997,3063,NA,NA,NE,Sub-Saharan Africa,Niamey,2.1073,13.514,Low income,IDA
2019,NGA,Nigeria,200963599,2.5648418857943,49.3282004901156,448120428858.769,2229.85869624463,-0.37972244679122,NA,NA,NA,NA,NA,NA,NA,NA,NA,NA,74.2,35.9,NA,NA,NA,NA,NA,NA,NA,NA,NA,NA,NA,NA,NA,NA,NA,54157,295569,NA,NA,NG,Sub-Saharan Africa,Abuja,7.48906,9.05804,Lower middle income,Blend
2019,NAC,North America,365892703,0.572694995117587,50.5042078159288,23117758029454.2,63181.7957557198,1.68583318053115,13.5248610369819,3056638913228.38,16.3658625931382,3716760644925.98,NA,-2.8410015561563,NA,NA,NA,NA,5.4,3.7,NA,NA,NA,NA,NA,NA,NA,NA,NA,NA,NA,NA,NA,NA,NA,443472,369,NA,NA,XU,Aggregates,,,,Aggregates,Aggregates
2019,MKD,North Macedonia,2083459,0.0240494411584019,49.9723536543573,12694823394.0947,6093.14769049676,3.52568353038801,61.6917904938033,7831663851.84322,75.5848009805819,9595356997.26283,-1763693145.4196,-13.8930104867786,NA,NA,NA,NA,5.3,3.9,NA,NA,NA,NA,NA,NA,NA,NA,NA,NA,NA,NA,NA,NA,NA,354,1784,NA,NA,MK,Europe & Central Asia,Skopje,21.4361,42.0024,Upper middle income,IBRD
2019,MNP,Northern Mariana Islands,57216,0.585463293020077,NA,NA,NA,NA,NA,NA,NA,NA,NA,NA,NA,NA,NA,NA,NA,NA,NA,NA,NA,NA,NA,NA,NA,NA,NA,NA,NA,NA,NA,NA,NA,NA,NA,NA,NA,MP,East Asia & Pacific,Saipan,145.765,15.1935,High income,Not classified
2019,NOR,Norway,5347896,0.675061373245644,49.4909236326886,403336363636.364,75419.6348688089,0.474165156577328,36.9499571753781,149032613636.364,35.1965424752632,141960454545.455,7072159090.90909,1.75341470011495,NA,NA,NA,NA,2,1.4,NA,NA,NA,NA,NA,NA,NA,NA,NA,NA,NA,NA,NA,NA,NA,53882,5,NA,NA,NO,Europe & Central Asia,Oslo,10.7387,59.9138,High income,Not classified
2019,INX,Not classified,NA,NA,NA,NA,NA,NA,NA,NA,NA,NA,NA,NA,NA,NA,NA,NA,NA,NA,NA,NA,NA,NA,NA,NA,NA,NA,NA,NA,NA,NA,NA,NA,NA,NA,NA,NA,NA,XY,Aggregates,,,,Aggregates,Aggregates
2019,OED,OECD members,1359963500,0.541905324839774,50.8033224016368,53581268885788.9,39399.0492287395,1.11141829460001,30.5281963021762,14965295430882.1,30.0719992814404,14873286271661,NA,0.456197020735857,NA,NA,NA,NA,5.94295496371442,4.01340522949543,NA,NA,NA,NA,NA,NA,NA,NA,NA,NA,NA,NA,NA,NA,NA,6997395,297470,NA,NA,OE,Aggregates,,,,Aggregates,Aggregates
2019,OMN,Oman,4974986,2.96831339383564,33.9808385621525,76983094928.4785,15474.0324753635,-2.43931510561035,58.1621621621622,44775032509.7529,42.5239864864865,32736280884.2653,12038751625.4876,15.6381756756757,NA,NA,NA,NA,9.8,5.3,NA,NA,NA,NA,NA,NA,NA,NA,NA,NA,NA,NA,NA,NA,NA,308,42,NA,NA,OM,Middle East & North Africa,Muscat,58.5874,23.6105,High income,Not classified
2019,OSS,Other small states,31360407,1.9512089822791,46.7793381630978,438468157980.326,13981.5837843025,-0.603528057829479,55.7193509794237,252898088053.948,48.7290525767678,225382037886.379,NA,6.99029840265586,NA,NA,NA,NA,35.6502045938514,22.0312734510877,NA,NA,NA,NA,NA,NA,NA,NA,NA,NA,NA,NA,NA,NA,NA,55189,33255,NA,NA,S4,Aggregates,,,,Aggregates,Aggregates
2019,PSS,Pacific island small states,2493696,1.47837095557971,49.2801087037549,10456001896.8144,4192.97376136243,0.336742541829025,NA,NA,NA,NA,NA,NA,NA,NA,NA,NA,20.1355482693457,10.4517678032077,NA,NA,NA,NA,NA,NA,NA,NA,NA,NA,NA,NA,NA,NA,NA,767,657,NA,NA,S2,Aggregates,,,,Aggregates,Aggregates
2019,PAK,Pakistan,216565318,2.02921486315548,48.5385829347734,278221906022.841,1284.70204090039,-1.03979867523373,10.1190177790079,28153324135.546,20.3191904838025,56532439052.4472,-28379114916.9012,-10.2001727047946,NA,NA,NA,NA,55.7,41.2,NA,NA,NA,NA,NA,NA,NA,NA,NA,NA,NA,NA,NA,NA,NA,1419596,137190,NA,NA,PK,South Asia,Islamabad,72.8,30.5167,Lower middle income,Blend
2019,PLW,Palau,18008,0.562440574980858,NA,NA,NA,NA,NA,NA,NA,NA,NA,NA,NA,NA,NA,NA,15.8,9.4,NA,NA,NA,NA,NA,NA,NA,NA,NA,NA,NA,NA,NA,NA,NA,NA,NA,NA,NA,PW,East Asia & Pacific,Koror,134.479,7.34194,High income,IBRD
2019,PAN,Panama,4246439,1.65178689075561,49.9243130716553,66800800000,15731.0160348471,1.31891833917265,NA,NA,NA,NA,NA,NA,NA,NA,NA,NA,12.8,8.6,NA,NA,NA,NA,NA,NA,NA,NA,NA,NA,NA,NA,NA,NA,NA,2536,45,NA,NA,PA,Latin America & Caribbean,Panama City,-79.5188,8.99427,High income,IBRD
2019,PNG,Papua New Guinea,8776109,1.95367908220702,48.9522532682157,24969611434.7684,2845.18018574842,3.58027486998105,NA,NA,NA,NA,NA,NA,NA,NA,NA,NA,35.9,21.9,NA,NA,NA,NA,NA,NA,NA,NA,NA,NA,NA,NA,NA,NA,NA,9698,475,NA,NA,PG,East Asia & Pacific,Port Moresby,147.194,-9.47357,Lower middle income,Blend
2019,PRY,Paraguay,7044636,1.26516727108041,49.1686089237504,38145288939.8488,5414.79913793258,-1.28673598517732,34.6734273671985,13226279054.5665,34.4841739800355,13154087803.2047,72191251.361764,0.189253387162966,NA,NA,NA,NA,16.6,10.9,NA,NA,NA,NA,NA,NA,NA,NA,NA,NA,NA,NA,NA,NA,NA,1014,84,NA,NA,PY,Latin America & Caribbean,Asuncion,-57.6362,-25.3005,Upper middle income,IBRD
2019,PER,Peru,32510453,1.61615719697585,50.3290940620899,226848050819.525,6977.69578355382,0.512493735175681,24.185137241434,54863512420.2199,22.9367553430375,52031582416.9239,2831930003.29608,1.24838189839643,NA,NA,NA,NA,10.3,6.4,NA,NA,NA,NA,NA,NA,NA,NA,NA,NA,NA,NA,NA,NA,NA,2850,2765,NA,NA,PE,Latin America & Caribbean,Lima,-77.0465,-12.0931,Upper middle income,IBRD
2019,PHL,Philippines,108116615,1.36399467911631,49.7615898506337,376795508679.676,3485.08421836621,4.60400708176319,28.3399858397146,106783793804.501,40.2669202222515,151723946881.072,-44940153076.5709,-11.9269343825369,NA,NA,NA,NA,21.6,13.3,NA,NA,NA,NA,NA,NA,NA,NA,NA,NA,NA,NA,NA,NA,NA,680,552,NA,NA,PH,East Asia & Pacific,Manila,121.035,14.5515,Lower middle income,IBRD
2019,POL,Poland,37970874,-0.0102073030655774,51.5396696205749,592164400687.607,15595.2270334259,4.15765490056548,55.7502432313081,330133093712.559,50.4922245152528,298996978694.588,31136115017.9716,5.25801871605538,NA,NA,NA,NA,3.8,2.7,NA,NA,NA,NA,NA,NA,NA,NA,NA,NA,NA,NA,NA,NA,NA,12658,961,NA,NA,PL,Europe & Central Asia,Warsaw,21.02,52.26,High income,IBRD
2019,PRT,Portugal,10269417,-0.140172576776066,52.7030137750389,237686075634.698,23145.0408172828,2.3077104852582,43.8479863689094,104220558045.098,43.7932226311492,104090392265.945,130165779.152941,0.0547637377601346,NA,NA,NA,NA,3.1,2,NA,NA,NA,NA,NA,NA,NA,NA,NA,NA,NA,NA,NA,NA,NA,2375,25,NA,NA,PT,Europe & Central Asia,Lisbon,-9.13552,38.7072,High income,Not classified
2019,PST,Post-demographic dividend,1112914457,0.313038865175869,50.8976689346736,50671271399767.2,45530.2481525471,1.3044078510837,31.3660771885899,14579686546630.8,30.8394008483468,14441212041277.2,NA,0.526676340243057,NA,NA,NA,NA,4.11308439400026,2.77840289682855,NA,NA,NA,NA,NA,NA,NA,NA,NA,NA,NA,NA,NA,NA,NA,3388007,117684,NA,NA,V4,Aggregates,,,,Aggregates,Aggregates
2019,PRE,Pre-demographic dividend,944902749,2.76430231447951,49.9644418492483,1391261013601.99,1472.38540164517,0.154285754400391,NA,NA,NA,NA,NA,NA,NA,NA,NA,NA,54.0119011528437,28.212973133062,NA,NA,NA,NA,NA,NA,NA,NA,NA,NA,NA,NA,NA,NA,NA,5765872,10004921,NA,NA,V1,Aggregates,,,,Aggregates,Aggregates
2019,PRI,Puerto Rico,3193694,0.0106465459574109,52.5477568040406,104988600000,32873.7192730424,1.17689113771422,NA,NA,NA,NA,NA,NA,NA,NA,NA,NA,NA,NA,NA,NA,NA,NA,NA,NA,NA,NA,NA,NA,NA,NA,NA,NA,NA,NA,NA,NA,NA,PR,Latin America & Caribbean,San Juan,-66,18.23,High income,Not classified
2019,QAT,Qatar,2832067,1.79528505056432,24.665695175015,183466208791.209,64781.7331974169,-1.95933103957839,50.1538595154062,92015384615.3846,36.3935030105553,66769780219.7802,25245604395.6044,13.7603565048509,NA,NA,NA,NA,5.6,3.4,NA,NA,NA,NA,NA,NA,NA,NA,NA,NA,NA,NA,NA,NA,NA,202,36,NA,NA,QA,Middle East & North Africa,Doha,51.5082,25.2948,High income,Not classified
2019,ROU,Romania,19356544,-0.597497124413531,51.3632740804102,250077444017.084,12919.5296441908,4.70328215889211,40.3512652160326,100909412680.809,44.2086040125185,110555746950.14,-9646334269.33151,-3.85733879648599,NA,NA,NA,NA,5.7,3.4,NA,NA,NA,NA,NA,NA,NA,NA,NA,NA,NA,NA,NA,NA,NA,3860,1352,NA,NA,RO,Europe & Central Asia,Bucharest,26.0979,44.4479,Upper middle income,IBRD
2019,RUS,Russian Federation,144373535,-0.0722343781903799,53.6560686726866,1699876578871.35,11584.9953826104,1.41073128207101,28.3130433518316,481286792703.479,20.7610265152513,352911827266.029,128374965437.45,7.5520168365803,NA,NA,NA,NA,4.9,2.6,NA,NA,NA,NA,NA,NA,NA,NA,NA,NA,NA,NA,NA,NA,NA,42413,62343,NA,NA,RU,Europe & Central Asia,Moscow,37.6176,55.7558,Upper middle income,IBRD
2019,RWA,Rwanda,12626950,2.60765264493972,50.8504278709534,10122472590.172,801.656186978807,6.59085843404019,19.0249741261231,1925797791.20413,34.6364087377315,3506060980.69683,-1580263189.4927,-15.6114346116085,NA,NA,NA,NA,26.3,15.9,NA,NA,NA,NA,NA,NA,NA,NA,NA,NA,NA,NA,NA,NA,NA,145054,246698,NA,NA,RW,Sub-Saharan Africa,Kigali,30.0587,-1.95325,Low income,IDA
2019,WSM,Samoa,197097,0.491828866926665,48.2457520053985,850655017.220488,4315.92067469565,2.96521809576844,37.9878916563035,323145906.310629,53.1351197585855,451996562.132523,-128850655.821894,-15.147228102282,NA,NA,NA,NA,12.9,8.2,NA,NA,NA,NA,NA,NA,NA,NA,NA,NA,NA,NA,NA,NA,NA,NA,NA,NA,NA,WS,East Asia & Pacific,Apia,-171.752,-13.8314,Upper middle income,IDA
2019,SMR,San Marino,33860,0.221745970085152,NA,NA,NA,NA,NA,NA,NA,NA,NA,NA,NA,NA,NA,NA,1.5,0.8,NA,NA,NA,NA,NA,NA,NA,NA,NA,NA,NA,NA,NA,NA,NA,NA,NA,NA,NA,SM,Europe & Central Asia,San Marino,12.4486,43.9322,High income,Not classified
2019,STP,Sao Tome and Principe,215056,1.89076332349799,49.9595439157769,429016605.208205,1994.90646719089,0.482046922832268,NA,NA,NA,NA,NA,NA,NA,NA,NA,NA,23.5,14.1,NA,NA,NA,NA,NA,NA,NA,NA,NA,NA,NA,NA,NA,NA,NA,NA,28,NA,NA,ST,Sub-Saharan Africa,Sao Tome,6.6071,0.20618,Lower middle income,IDA
2019,SAU,Saudi Arabia,34268528,1.67311172870933,42.2690947720575,792966838161.659,23139.7986561214,-1.33325637938142,36.0307597359433,285711976243.733,26.1323114885104,207220564148.997,78491412094.7362,9.89844824743283,NA,NA,NA,NA,5.7,3.7,NA,NA,NA,NA,NA,NA,NA,NA,NA,NA,NA,NA,NA,NA,NA,315,1762,NA,NA,SA,Middle East & North Africa,Riyadh,46.6977,24.6748,High income,Not classified
2019,SEN,Senegal,16296364,2.74974740844133,51.237994099542,23578084052.0147,1446.83096499408,2.4159365405914,22.7926260600831,5374064530.10782,37.7137763960867,8892185897.85821,-3518121367.75039,-14.9211503360035,NA,NA,NA,NA,32.7,22,NA,NA,NA,NA,NA,NA,NA,NA,NA,NA,NA,NA,NA,NA,NA,14467,17203,NA,NA,SN,Sub-Saharan Africa,Dakar,-17.4734,14.7247,Lower middle income,IDA
2019,SRB,Serbia,6944975,-0.540353661727366,51.0108036407626,51409167350.7548,7402.35455862041,4.75160128469263,51.9468186029545,26705426908.9859,60.6973083415867,31203980822.73,-4498553913.74409,-8.75048973863228,NA,NA,NA,NA,4.6,3.2,NA,NA,NA,NA,NA,NA,NA,NA,NA,NA,NA,NA,NA,NA,NA,26427,31251,NA,NA,RS,Europe & Central Asia,Belgrade,20.4656,44.8024,Upper middle income,IBRD
2019,SYC,Seychelles,97625,0.887925293341637,48.6735351592474,1698843062.76141,17401.7215135612,3.78250006242138,68.893363672875,1170390129.45963,86.3525047099263,1466993535.78531,-296603406.325677,-17.4591410370513,NA,NA,NA,NA,12.3,8.6,NA,NA,NA,NA,NA,NA,NA,NA,NA,NA,NA,NA,NA,NA,NA,NA,15,NA,NA,SC,Sub-Saharan Africa,Victoria,55.4466,-4.6309,High income,IBRD
2019,SLE,Sierra Leone,7813215,2.10907525200416,50.1056352404333,3941474310.76913,504.46254336648,3.31140501804367,NA,NA,NA,NA,NA,NA,NA,NA,NA,NA,80.9,31.2,NA,NA,NA,NA,NA,NA,NA,NA,NA,NA,NA,NA,NA,NA,NA,441,5268,NA,NA,SL,Sub-Saharan Africa,Freetown,-13.2134,8.4821,Low income,IDA
2019,SGP,Singapore,5703569,1.14428330688929,47.6559879386866,372062527488.638,65233.2824392302,-0.412794667941512,173.517266760671,645592728338.953,145.631114824683,541838806626.594,103753921712.359,27.886151935988,NA,NA,NA,NA,2.1,0.9,NA,NA,NA,NA,NA,NA,NA,NA,NA,NA,NA,NA,NA,NA,NA,NA,39,NA,NA,SG,East Asia & Pacific,Singapore,103.85,1.28941,High income,Not classified
2019,SXM,Sint Maarten (Dutch part),40733,0.194134259307588,NA,NA,NA,NA,NA,NA,NA,NA,NA,NA,NA,NA,NA,NA,NA,NA,NA,NA,NA,NA,NA,NA,NA,NA,NA,NA,NA,NA,NA,NA,NA,5,NA,NA,NA,SX,Latin America & Caribbean,Philipsburg,,,High income,Not classified
2019,SVK,Slovak Republic,5454073,0.13397129785832,51.3192750904708,105422304975.576,19329.0968007902,2.26147601969319,93.1427643271393,98193249071.6391,92.1071817232696,97101514020.7136,1091735050.92549,1.03558260386966,NA,NA,NA,NA,4.7,2.9,NA,NA,NA,NA,NA,NA,NA,NA,NA,NA,NA,NA,NA,NA,NA,965,1343,NA,NA,SK,Europe & Central Asia,Bratislava,17.1073,48.1484,High income,Not classified
2019,SVN,Slovenia,2087946,0.67528080839474,50.2233656972252,53742159516.9278,25739.2478143246,1.75354452390444,84.4369139605987,45378220991.876,75.2992063375892,40467419584.9278,4910801406.94823,9.13770762300949,NA,NA,NA,NA,1.7,1.2,NA,NA,NA,NA,NA,NA,NA,NA,NA,NA,NA,NA,NA,NA,NA,741,19,NA,NA,SI,Europe & Central Asia,Ljubljana,14.5044,46.0546,High income,Not classified
2019,SST,Small states,41255484,1.67323519896705,47.5662967415103,525221276646.776,12730.944488417,-0.38629251250596,54.5199466455014,295668056389.011,48.8708508941968,270834368806.645,NA,5.64909575130456,NA,NA,NA,NA,31.8641454289996,19.8174092391592,NA,NA,NA,NA,NA,NA,NA,NA,NA,NA,NA,NA,NA,NA,NA,58366,39992,NA,NA,S1,Aggregates,,,,Aggregates,Aggregates
2019,SLB,Solomon Islands,669823,2.56538506367278,49.1532812497667,1425074225.77798,2127.53850760272,0.0929942594971607,NA,NA,NA,NA,NA,NA,NA,NA,NA,NA,16.8,8.2,NA,NA,NA,NA,NA,NA,NA,NA,NA,NA,NA,NA,NA,NA,NA,NA,27,NA,NA,SB,East Asia & Pacific,Honiara,159.949,-9.42676,Lower middle income,IDA
2019,SOM,Somalia,15442905,2.85560211622181,50.137648963219704,NA,NA,NA,NA,NA,NA,NA,NA,NA,NA,NA,NA,NA,74,36.9,NA,NA,NA,NA,NA,NA,NA,NA,NA,NA,NA,NA,NA,NA,NA,17882,905109,NA,NA,SO,Sub-Saharan Africa,Mogadishu,45.3254,2.07515,Low income,IDA
2019,ZAF,South Africa,58558270,1.33861739063304,50.7169465926989,351431649241.439,6001.40081394888,-1.17914333260929,29.8538392770199,104915839733.119,29.3506967823651,103147637766.119,1768201966.99981,0.503142494654779,NA,NA,NA,NA,27.5,11.5,NA,NA,NA,NA,NA,NA,NA,NA,NA,NA,NA,NA,NA,NA,NA,89285,441,NA,NA,ZA,Sub-Saharan Africa,Pretoria,28.1871,-25.746,Upper middle income,IBRD
2019,SAS,South Asia,1835776742,1.17879908981622,48.3688779498739,3597970348647.58,1959.91716548699,3.61112268830126,17.6505352535363,639194310907.018,21.821078616882,786690797898.636,NA,-4.17054336334573,NA,NA,NA,NA,33.1,25.1,NA,NA,NA,NA,NA,NA,NA,NA,NA,NA,NA,NA,NA,NA,NA,2562316,3026497,NA,NA,8S,Aggregates,,,,Aggregates,Aggregates
2019,TSA,South Asia (IDA & IBRD),1835776742,1.17879908981622,48.3688779498739,3597970348647.58,1959.91716548699,3.61112268830128,17.6505352535363,639194310907.018,21.821078616882,786690797898.636,NA,-4.17054336334573,NA,NA,NA,NA,33.1403157636697,25.1158423526453,NA,NA,NA,NA,NA,NA,NA,NA,NA,NA,NA,NA,NA,NA,NA,2562316,3026497,NA,NA,T5,Aggregates,,,,Aggregates,Aggregates
2019,SSD,South Sudan,11062113,0.782224434404954,49.9505248273522,NA,NA,NA,NA,NA,NA,NA,NA,NA,NA,NA,NA,NA,62.4,38.6,NA,NA,NA,NA,NA,NA,NA,NA,NA,NA,NA,NA,NA,NA,NA,298309,2234814,NA,NA,SS,Sub-Saharan Africa,Juba,31.6,4.85,Low income,IDA
2019,ESP,Spain,47076781,0.594469675339612,50.8724242075546,1394116310768.63,29613.6711379783,1.37466410895202,34.8702473478939,486131805882.352,32.0468212868707,446769962643.137,39361843239.2156,2.82342606102313,NA,NA,NA,NA,2.6,1.8,NA,NA,NA,NA,NA,NA,NA,NA,NA,NA,NA,NA,NA,NA,NA,57751,51,NA,NA,ES,Europe & Central Asia,Madrid,-3.70327,40.4167,High income,Not classified
2019,LKA,Sri Lanka,21803000,0.611875945764341,52.0092728599972,84008783756.068,3853.08369288942,1.65952818775845,23.1240272472391,19426214045.8273,29.2468363305034,24569911488.3837,-5143697442.5564,-6.12280908326431,NA,NA,NA,NA,6.1,4.3,NA,NA,NA,NA,NA,NA,NA,NA,NA,NA,NA,NA,NA,NA,NA,1041,110348,NA,NA,LK,South Asia,Colombo,79.8528,6.92148,Upper middle income,IBRD
2019,KNA,St. Kitts and Nevis,52823,0.725797379770302,NA,1050992592.59259,19896.4957043824,1.76342587625807,63.6787798483268,669259259.259259,58.9918524992247,620000000,49259259.2592593,4.68692734910208,NA,NA,NA,NA,12.9,10.3,NA,NA,NA,NA,NA,NA,NA,NA,NA,NA,NA,NA,NA,NA,NA,5,57,NA,NA,KN,Latin America & Caribbean,Basseterre,-62.7309,17.3,High income,IBRD
2019,LCA,St. Lucia,182790,0.494134202023454,50.7530293498181,2122450629.62963,11611.4154473966,1.22740135414693,NA,NA,NA,NA,NA,NA,NA,NA,NA,NA,20,12.7,NA,NA,NA,NA,NA,NA,NA,NA,NA,NA,NA,NA,NA,NA,NA,NA,843,NA,NA,LC,Latin America & Caribbean,Castries,-60.9832,14,Upper middle income,Blend
2019,MAF,St. Martin (French part),38002,1.9611076778355,NA,NA,NA,NA,NA,NA,NA,NA,NA,NA,NA,NA,NA,NA,NA,NA,NA,NA,NA,NA,NA,NA,NA,NA,NA,NA,NA,NA,NA,NA,NA,NA,NA,NA,NA,MF,Latin America & Caribbean,Marigot,,,High income,Not classified
2019,VCT,St. Vincent and the Grenadines,110589,0.343298993403754,49.2761748031069,825385185.185185,7463.53783093423,-0.00145588659657392,NA,NA,NA,NA,NA,NA,NA,NA,NA,NA,13.4,9.1,NA,NA,NA,NA,NA,NA,NA,NA,NA,NA,NA,NA,NA,NA,NA,NA,979,NA,NA,VC,Latin America & Caribbean,Kingstown,-61.2653,13.2035,Upper middle income,Blend
2019,NA,Sub-Saharan Africa,1106957898,2.65707175729588,50.1024528101506,1755011419750.84,1585.43646774798,-0.369576264588773,27.492766426036,NA,30.4173933650106,459710186730.95,NA,-2.92462693897467,NA,NA,NA,NA,51.7,27.5,NA,NA,NA,NA,NA,NA,NA,NA,NA,NA,NA,NA,NA,NA,NA,6413875,7305024,NA,NA,ZG,NA,NA,NA,NA,NA,NA
2019,SSA,Sub-Saharan Africa (excluding high income),1105594562,2.66031426848285,50.1019872017048,1739115379284.58,1573.01368789166,-0.38390491311911,NA,NA,NA,450610216908.729,NA,NA,NA,NA,NA,NA,51.7249587727665,27.4802495061771,NA,NA,NA,NA,NA,NA,NA,NA,NA,NA,NA,NA,NA,NA,NA,6413855,7304831,NA,NA,ZF,Aggregates,,,,Aggregates,Aggregates
2019,TSS,Sub-Saharan Africa (IDA & IBRD countries),1106957898,2.65707175729588,50.1024528101506,1755011419750.84,1585.43646774798,-0.369576264588716,27.492766426036,NA,30.4173933650106,459710186730.95,NA,-2.92462693897467,NA,NA,NA,NA,51.7109174542146,27.4737383430024,NA,NA,NA,NA,NA,NA,NA,NA,NA,NA,NA,NA,NA,NA,NA,6413875,7305024,NA,NA,T6,Aggregates,,,,Aggregates,Aggregates
2019,SDN,Sudan,42813238,2.39143403307158,50.0435904904831,18902284475.6054,441.505603374484,-4.85818348706569,12.6290864428648,2387185846.10042,14.0927764817356,2663856701.08889,-276670854.988467,-1.46369003887085,NA,NA,NA,NA,41,27.2,NA,NA,NA,NA,NA,NA,NA,NA,NA,NA,NA,NA,NA,NA,NA,1055489,734947,NA,NA,SD,Sub-Saharan Africa,Khartoum,32.5363,15.5932,Lower middle income,IDA
2019,SUR,Suriname,581372,0.929879177652127,49.7293429406412,3985250737.46313,6854.90656148409,-1.69018970102724,NA,NA,NA,NA,NA,NA,NA,NA,NA,NA,16.1,11.2,NA,NA,NA,NA,NA,NA,NA,NA,NA,NA,NA,NA,NA,NA,NA,44,17,NA,NA,SR,Latin America & Caribbean,Paramaribo,-55.1679,5.8232,Upper middle income,IBRD
2019,SWE,Sweden,10285453,1.07758038117856,49.9262533713563,530832908737.862,51610.0660552202,0.110251761485713,47.0104284115509,249546824547.166,43.4754759348256,230782133492.464,18764691054.7022,3.53495247672534,NA,NA,NA,NA,2.1,1.4,NA,NA,NA,NA,NA,NA,NA,NA,NA,NA,NA,NA,NA,NA,NA,253787,13,NA,NA,SE,Europe & Central Asia,Stockholm,18.0645,59.3327,High income,Not classified
2019,CHE,Switzerland,8574832,0.708089212766107,50.4076129497992,703082435360.117,81993.7271494202,0.216690540670456,66.0335383885046,464270209856.356,53.4049572220264,375480873839.652,88789336016.704,12.6285811664782,NA,NA,NA,NA,3.6,2.8,NA,NA,NA,NA,NA,NA,NA,NA,NA,NA,NA,NA,NA,NA,NA,110162,5,NA,NA,CH,Europe & Central Asia,Bern,7.44821,46.948,High income,Not classified
2019,SYR,Syrian Arab Republic,17070135,0.964511740097553,49.8858591134503,NA,NA,NA,NA,NA,NA,NA,NA,NA,NA,NA,NA,NA,17.9,10.8,NA,NA,NA,NA,NA,NA,NA,NA,NA,NA,NA,NA,NA,NA,NA,578525,6616983,NA,NA,SY,Middle East & North Africa,Damascus,36.3119,33.5146,Low income,IDA
2019,TJK,Tajikistan,9321018,2.39054628853621,49.5983112583243,8116626794.25837,870.787589323223,4.48344979009603,NA,NA,NA,NA,NA,NA,NA,NA,NA,NA,29.6,15,NA,NA,NA,NA,NA,NA,NA,NA,NA,NA,NA,NA,NA,NA,NA,3788,1987,NA,NA,TJ,Europe & Central Asia,Dushanbe,68.7864,38.5878,Low income,IDA
2019,TZA,Tanzania,58005463,2.95168167328042,50.0381162387452,63177068174.549,1122.12181047515,2.71989960453267,NA,NA,NA,NA,NA,NA,NA,NA,NA,NA,36,20.3,NA,NA,NA,NA,NA,NA,NA,NA,NA,NA,NA,NA,NA,NA,NA,242171,849,NA,NA,TZ,Sub-Saharan Africa,Dodoma,35.7382,-6.17486,Low income,IDA
2019,THA,Thailand,69625582,0.283426556156345,51.3040386693506,543649976165.63,7808.19291629949,2.08213796833299,59.7407421648179,324780530540.203,50.5584533990022,274861019853.386,49919510686.8164,9.18228876581571,NA,NA,NA,NA,7.7,5.3,NA,NA,NA,NA,NA,NA,NA,NA,NA,NA,NA,NA,NA,NA,NA,97556,482,NA,NA,TH,East Asia & Pacific,Bangkok,100.521,13.7308,Upper middle income,IBRD
2019,TLS,Timor-Leste,1293119,1.96383558319426,49.4627722098491,1673540300,1294.18893388776,1.40311935504396,NA,NA,NA,NA,NA,NA,NA,NA,NA,NA,38.1,19.6,NA,NA,NA,NA,NA,NA,NA,NA,NA,NA,NA,NA,NA,NA,NA,NA,17,NA,NA,TL,East Asia & Pacific,Dili,125.567,-8.56667,Lower middle income,Blend
2019,TGO,Togo,8082366,2.42033520841497,50.2540533030023,5459979416.66908,675.542213340634,2.79421743983632,29.6395162081885,1618311484.16739,41.6015382008851,2271435422.78605,-653123938.618664,-11.9620219926966,NA,NA,NA,NA,45.8,24.8,NA,NA,NA,NA,NA,NA,NA,NA,NA,NA,NA,NA,NA,NA,NA,11964,8022,NA,NA,TG,Sub-Saharan Africa,Lome,1.2255,6.1228,Low income,IDA
2019,TON,Tonga,104494,1.24898706310596,49.9641138023101,NA,NA,NA,NA,NA,NA,NA,NA,NA,NA,NA,NA,NA,14.3,7.4,NA,NA,NA,NA,NA,NA,NA,NA,NA,NA,NA,NA,NA,NA,NA,NA,32,NA,NA,TO,East Asia & Pacific,Nuku'alofa,-175.216,-21.136,Upper middle income,IDA
2019,TTO,Trinidad and Tobago,1394973,0.367347659660472,50.6095117525909,24100202833.7504,17276.4654468225,-0.36903669962733,NA,NA,NA,NA,NA,NA,NA,NA,NA,NA,15.7,11.5,NA,NA,NA,NA,NA,NA,NA,NA,NA,NA,NA,NA,NA,NA,NA,2308,307,NA,NA,TT,Latin America & Caribbean,Port-of-Spain,-61.4789,10.6596,High income,IBRD
2019,TUN,Tunisia,11694719,1.11364374282179,50.4222460715395,38797709923.6641,3317.54101348345,-0.0762341009688896,49.8319689410442,19333662758.9967,60.7032183261893,23551458560.5234,-4217795801.52672,-10.8712493851451,NA,NA,NA,NA,14.5,11.9,NA,NA,NA,NA,NA,NA,NA,NA,NA,NA,NA,NA,NA,NA,NA,1732,2068,NA,NA,TN,Middle East & North Africa,Tunis,10.21,36.7899,Lower middle income,IBRD
2019,TUR,Turkey,83429615,1.33926035058318,50.6485641242443,754411708202.616,9042.49298288882,-0.464571482736091,31.6142369237375,238501504811.59,29.7802630497053,224665791180.514,13835713631.0762,1.83397387403222,NA,NA,NA,NA,8.6,5.3,NA,NA,NA,NA,NA,NA,NA,NA,NA,NA,NA,NA,NA,NA,NA,3579531,83271,NA,NA,TR,Europe & Central Asia,Ankara,32.3606,39.7153,Upper middle income,IBRD
2019,TKM,Turkmenistan,5942089,1.54638921755068,50.763350428317,NA,NA,NA,NA,NA,NA,NA,NA,NA,NA,NA,NA,NA,36.3,23.6,NA,NA,NA,NA,NA,NA,NA,NA,NA,NA,NA,NA,NA,NA,NA,21,478,NA,NA,TM,Europe & Central Asia,Ashgabat,58.3794,37.9509,Upper middle income,IBRD
2019,TCA,Turks and Caicos Islands,38191,1.38686044820971,NA,NA,NA,NA,NA,NA,NA,NA,NA,NA,NA,NA,NA,NA,NA,NA,NA,NA,NA,NA,NA,NA,NA,NA,NA,NA,NA,NA,NA,NA,NA,5,14,NA,NA,TC,Latin America & Caribbean,Grand Turk,-71.141389,21.4602778,High income,Not classified
2019,TUV,Tuvalu,11646,1.19203277256267,NA,47271463.3298575,4059.02999569444,8.45553586911447,NA,NA,NA,NA,NA,NA,NA,NA,NA,NA,20.2,16,NA,NA,NA,NA,NA,NA,NA,NA,NA,NA,NA,NA,NA,NA,NA,NA,NA,NA,NA,TV,East Asia & Pacific,Funafuti,179.089567,-8.6314877,Upper middle income,IDA
2019,UGA,Uganda,44269594,3.55574052888872,50.7400735407809,34387229486.4008,776.768575885308,2.78675696220358,19.366109345326,6659468463.16455,26.6527533580547,9165143461.67866,-2505674998.51411,-7.28664401272873,NA,NA,NA,NA,33.4,20,NA,NA,NA,NA,NA,NA,NA,NA,NA,NA,NA,NA,NA,NA,NA,1359458,7479,NA,NA,UG,Sub-Saharan Africa,Kampala,32.5729,0.314269,Low income,IDA
2019,UKR,Ukraine,44385155,-0.533355282042411,53.6773460656577,153781069118.148,3659.03131229487,3.82790195664884,41.1722141095225,63315071037.2365,49.0015760219234,75355147491.2558,-12040076454.0192,-7.82936191240095,NA,NA,NA,NA,7.2,5,NA,NA,NA,NA,NA,NA,NA,NA,NA,NA,NA,NA,NA,NA,NA,2166,59839,NA,NA,UA,Europe & Central Asia,Kiev,30.5038,50.4536,Lower middle income,IBRD
2019,ARE,United Arab Emirates,9770529,1.43878044485973,30.7426642127558,421142267937.65,43103.3230583165,0.225275018852898,92.4562533364069,389372362151.123,68.4798395481877,288397549353.302,100974812797.822,23.9764137882192,NA,NA,NA,NA,6.4,4,NA,NA,NA,NA,NA,NA,NA,NA,NA,NA,NA,NA,NA,NA,NA,1242,155,NA,NA,AE,Middle East & North Africa,Abu Dhabi,54.3705,24.4764,High income,Not classified
2019,GBR,United Kingdom,66834405,0.561255390388033,50.6125344496069,2827113184695.58,42300.267125825,0.841074871356099,31.542272114888,891735733712.554,32.7114057234497,924788464106.909,-33052730394.3549,-1.1691336085617,NA,NA,NA,NA,3.7,2.8,NA,NA,NA,NA,NA,NA,NA,NA,NA,NA,NA,NA,NA,NA,NA,133083,69,NA,NA,GB,Europe & Central Asia,London,-0.126236,51.5002,High income,Not classified
2019,USA,United States,328239523,0.473953539373292,50.5184872077992,21374418877706.7,65118.3583328163,1.84971143536747,11.7163091746646,2504293000000,14.6724176125835,3136144000000,-631851000000,-2.95610843791882,NA,NA,NA,NA,5.6,3.7,NA,NA,NA,NA,NA,NA,NA,NA,NA,NA,NA,NA,NA,NA,NA,341715,298,NA,NA,US,North America,Washington D.C.,-77.032,38.8895,High income,Not classified
2019,UMC,Upper middle income,2855862789,0.640342521843195,49.7273551802932,25817130358727.9,9040.04578167003,3.17604059825291,24.4793383044825,5931034143718.74,22.9770663644423,5649474578961.29,NA,1.50227194004018,NA,NA,NA,NA,11.3,6.9,NA,NA,NA,NA,NA,NA,NA,NA,NA,NA,NA,NA,NA,NA,NA,10198785,1313908,NA,NA,XT,Aggregates,,,,Aggregates,Aggregates
2019,URY,Uruguay,3461734,0.359859761032412,51.7036707936001,56045912952.342,16190.1269572827,-0.13788919732049,21.7238577215148,12175334388.4908,19.3062443109586,10820360880.8863,1354973507.60451,2.41761341055626,NA,NA,NA,NA,6.1,4.2,NA,NA,NA,NA,NA,NA,NA,NA,NA,NA,NA,NA,NA,NA,NA,498,15,NA,NA,UY,Latin America & Caribbean,Montevideo,-56.0675,-34.8941,High income,IBRD
2019,UZB,Uzbekistan,33580650,1.87736354244626,50.123527536394,57921286440.3495,1724.8411344137,3.60039615002823,31.1983222819872,18070469613.5332,41.8185555158946,24221845325.5779,-6151375712.04468,-10.6202332339074,NA,NA,NA,NA,15.6,9.9,NA,NA,NA,NA,NA,NA,NA,NA,NA,NA,NA,NA,NA,NA,NA,13,3217,NA,NA,UZ,Europe & Central Asia,Tashkent,69.269,41.3052,Lower middle income,Blend
2019,VUT,Vanuatu,299882,2.43092019311926,49.3007249518144,917058850.816563,3058.0656752208,0.439048652042118,NA,NA,NA,NA,NA,NA,NA,NA,NA,NA,21.9,11.4,NA,NA,NA,NA,NA,NA,NA,NA,NA,NA,NA,NA,NA,NA,NA,NA,NA,NA,NA,VU,East Asia & Pacific,Port-Vila,168.321,-17.7404,Lower middle income,IDA
2019,VEN,"Venezuela, RB",28515829,-1.23504114644487,50.745854171029,NA,NA,NA,NA,NA,NA,NA,NA,NA,NA,NA,NA,NA,21,14.6,NA,NA,NA,NA,NA,NA,NA,NA,NA,NA,NA,NA,NA,NA,NA,67749,93280,NA,NA,VE,Latin America & Caribbean,Caracas,-69.8371,9.08165,Upper middle income,IBRD
2019,VNM,Vietnam,96462106,0.960110493934853,50.0826251899865,261921244843.172,2715.27603640721,5.99486601019265,106.795549966641,279720233909.738,103.604695306615,271362707663.061,8357526246.67706,3.19085466002622,NA,NA,NA,NA,15.9,10.5,NA,NA,NA,NA,NA,NA,NA,NA,NA,NA,NA,NA,NA,NA,NA,NA,316441,NA,NA,VN,East Asia & Pacific,Hanoi,105.825,21.0069,Lower middle income,IBRD
2019,VIR,Virgin Islands (U.S.),106631,-0.323958187523532,52.4722936727259,NA,NA,NA,NA,NA,NA,NA,NA,NA,NA,NA,NA,NA,NA,NA,NA,NA,NA,NA,NA,NA,NA,NA,NA,NA,NA,NA,NA,NA,NA,NA,NA,NA,NA,VI,Latin America & Caribbean,Charlotte Amalie,-64.8963,18.3358,High income,Not classified
2019,PSE,West Bank and Gaza,4685306,2.51178246264674,49.2845617175176,NA,NA,NA,NA,NA,NA,NA,NA,NA,NA,NA,NA,NA,16.6,10.7,NA,NA,NA,NA,NA,NA,NA,NA,NA,NA,NA,NA,NA,NA,NA,2319073,96318,NA,NA,PS,Middle East & North Africa,,,,Lower middle income,Not classified
2019,WLD,World,7673533972,1.07483912865109,49.5839036052507,87697518999809.1,11428.5698505811,1.38534716505143,30.6201202179683,24794550426661.2,29.7840729282275,24312185980475.7,NA,0.836047289740879,NA,NA,NA,NA,28.2,17.5,NA,NA,NA,NA,NA,NA,NA,NA,NA,NA,NA,NA,NA,NA,NA,26074648,26074648,NA,NA,1W,Aggregates,,,,Aggregates,Aggregates
2019,YEM,"Yemen, Rep.",29161922,2.30058011389449,49.6182590434197,NA,NA,NA,NA,NA,NA,NA,NA,NA,NA,NA,NA,NA,43.6,26.7,NA,NA,NA,NA,NA,NA,NA,NA,NA,NA,NA,NA,NA,NA,NA,268503,36518,NA,NA,YE,Middle East & North Africa,Sana'a,44.2075,15.352,Low income,IDA
2019,ZMB,Zambia,17861030,2.89237292696711,50.4887902906405,23064722446.3513,1291.34335737364,-1.19378253483622,35.0213905218043,8077586520.70694,35.0136442247813,8075799858.7987,1786661.90823467,0.00774629702304228,NA,NA,NA,NA,42.4,23.3,NA,NA,NA,NA,NA,NA,NA,NA,NA,NA,NA,NA,NA,NA,NA,57518,261,NA,NA,ZM,Sub-Saharan Africa,Lusaka,28.2937,-15.3982,Lower middle income,IDA
2019,ZWE,Zimbabwe,14645468,1.41968104561509,52.3173269992714,21440758800,1463.98591018054,-9.39546955217526,NA,NA,NA,NA,NA,NA,NA,NA,NA,NA,38.4,25.9,NA,NA,NA,NA,NA,NA,NA,NA,NA,NA,NA,NA,NA,NA,NA,8956,10603,NA,NA,ZW,Sub-Saharan Africa,Harare,31.0672,-17.8312,Lower middle income,Blend
